"Player1","Player2","Round","Result","FNL.1","FNL.2","FSP.1","FSW.1","SSP.1","SSW.1","ACE.1","DBF.1","WNR.1","UFE.1","BPC.1","BPW.1","NPA.1","NPW.1","TPW.1","ST1.1","ST2.1","ST3.1","ST4.1","ST5.1","FSP.2","FSW.2","SSP.2","SSW.2","ACE.2","DBF.2","WNR.2","UFE.2","BPC.2","BPW.2","NPA.2","NPW.2","TPW.2","ST1.2","ST2.2","ST3.2","ST4.2","ST5.2"
"Lukas Lacko","Novak Djokovic","1",0,0,3,61,35,39,18,5,1,17,29,1,3,8,11,70,3,6,1,NA,NA,68,45,32,17,10,0,40,30,4,8,8,9,101,6,7,6,NA,NA
"Leonardo Mayer","Albert Montanes","1",1,3,0,61,31,39,13,13,1,13,1,7,14,NA,NA,80,6,6,6,NA,NA,60,23,40,9,1,4,1,4,0,0,NA,NA,42,1,3,1,NA,NA
"Marcos Baghdatis","Denis Istomin","1",0,0,3,52,53,48,20,8,4,37,50,1,9,16,23,106,4,5,4,NA,NA,77,57,23,15,9,1,41,41,4,13,12,16,126,6,7,6,NA,NA
"Dmitry Tursunov","Michael Russell","1",1,3,0,53,39,47,24,8,6,8,6,6,9,NA,NA,104,6,6,6,NA,NA,50,24,50,19,1,8,1,8,1,7,NA,NA,79,2,2,3,NA,NA
"Juan Monaco","Ernests Gulbis","1",0,1,3,76,63,24,12,0,4,16,35,3,12,9,13,128,6,4,6,2,NA,53,59,47,32,17,11,59,79,3,5,16,28,127,1,6,7,6,NA
"Santiago Giraldo","Sam Querrey","1",0,1,3,65,51,35,22,9,3,35,41,2,7,6,12,108,3,2,6,6,NA,63,60,37,22,24,4,47,45,4,7,14,17,122,6,6,3,7,NA
"Dudi Sela","Jarkko Nieminen","1",0,2,3,68,73,32,24,5,3,41,50,9,17,14,30,173,6,6,7,3,3,60,66,40,34,2,6,57,72,10,17,25,36,173,3,7,6,6,6
"Fabio Fognini","Alex Bogomolov Jr.","1",1,2,0,47,18,53,15,3,4,21,31,6,20,6,9,78,6,6,NA,NA,NA,54,26,46,13,0,11,11,46,2,6,8,12,61,3,2,NA,NA,NA
"David Guez","Richard Gasquet","1",0,0,3,64,26,36,12,3,NA,20,39,3,7,5,14,67,5,4,1,NA,NA,67,42,33,14,12,NA,32,20,7,10,8,11,94,7,6,6,NA,NA
"Nikolay Davydenko","Lukasz Kubot","1",1,3,2,77,76,23,11,6,4,6,4,7,24,NA,NA,162,3,6,3,6,6,60,68,40,25,8,12,8,12,6,14,NA,NA,141,6,3,6,3,4
"Pablo Carreno Busta","Julien Benneteau","1",0,2,3,53,46,47,35,7,7,47,58,4,5,19,33,126,3,6,6,1,2,66,62,34,24,16,4,49,46,7,19,30,43,152,6,3,4,6,6
"Tommy Robredo","Lukas Rosol","1",1,3,2,57,62,43,43,13,0,50,38,6,18,15,19,177,6,6,3,7,8,51,72,49,41,11,12,82,96,3,7,28,44,152,1,7,6,6,6
"Samuel Groth","Vasek Pospisil","1",0,0,3,65,40,35,17,16,4,35,25,0,2,20,43,74,4,3,4,NA,NA,67,45,33,13,6,4,31,17,4,10,6,10,94,6,6,6,NA,NA
"Nicolas Mahut","Matthew Ebden","1",0,2,3,64,63,36,23,7,4,49,57,6,15,24,46,137,3,5,6,6,3,67,58,33,23,7,7,45,55,6,12,28,37,131,6,7,4,0,6
"Alejandro Falla","Mikhail Kukushkin","1",1,3,1,60,50,40,23,4,2,4,2,10,28,NA,NA,151,6,6,6,6,NA,55,55,45,23,2,3,2,3,4,14,NA,NA,128,7,2,2,3,NA
"Stanislas Wawrinka","Andrey Golubev","1",1,2,0,63,20,37,6,4,1,23,11,4,9,13,14,54,6,4,NA,NA,NA,64,18,36,10,0,0,8,15,1,2,6,12,37,4,1,NA,NA,NA
"Alejandro Gonzalez","David Ferrer","1",0,0,3,68,34,32,7,2,4,22,41,5,7,11,21,75,3,4,4,NA,NA,53,28,47,21,2,6,33,30,8,12,18,22,96,6,6,6,NA,NA
"Steve Johnson","Adrian Mannarino","1",0,2,3,53,50,47,28,21,12,21,12,4,6,NA,NA,129,6,3,0,7,4,58,52,42,37,3,3,3,3,7,11,NA,NA,142,3,6,6,5,6
"Ricardas Berankis","Alexandr Dolgopolov","1",0,0,3,50,39,50,26,10,3,28,38,1,3,17,31,91,5,5,2,NA,NA,58,42,42,23,7,4,37,31,5,16,12,12,114,7,7,6,NA,NA
"Jeremy Chardy","Jesse Huta Galung","1",1,3,0,66,46,34,16,9,2,31,27,4,9,12,13,94,6,6,6,NA,NA,57,41,43,13,9,7,30,33,0,5,14,17,80,2,4,4,NA,NA
"Jordan Thompson","Jerzy Janowicz","1",0,2,3,60,58,40,21,13,8,40,36,3,10,18,28,140,6,6,4,2,1,64,74,36,27,18,11,62,64,5,9,31,46,153,1,4,6,6,6
"Albert Ramos","Pablo Andujar","1",0,0,3,61,32,39,10,2,3,2,3,3,7,NA,NA,77,4,2,4,NA,NA,73,40,27,15,2,1,2,1,7,12,NA,NA,97,6,6,6,NA,NA
"Florian Mayer","Denis Kudla","1",1,3,0,58,36,42,22,6,1,25,23,5,11,11,14,101,6,6,6,NA,NA,59,35,41,18,1,2,31,45,1,3,12,20,78,4,2,4,NA,NA
"Mikhail Youzhny","Jan-Lennard Struff","1",1,3,0,69,39,31,17,5,2,11,30,7,9,5,8,95,6,6,6,NA,NA,49,24,51,12,2,8,20,61,2,5,15,22,66,1,4,2,NA,NA
"Guillermo Garcia-Lopez","Tommy Haas","1",1,2,0,58,27,42,11,7,3,19,9,4,4,3,5,65,7,5,NA,NA,NA,52,22,48,11,4,7,18,35,1,2,10,10,55,5,2,NA,NA,NA
"Carlos Berlocq","Edouard Roger-Vasselin","1",0,1,3,57,49,43,32,9,4,9,4,4,13,NA,NA,150,4,6,7,2,NA,65,67,35,32,6,6,6,6,7,16,NA,NA,163,6,7,6,6,NA
"Dominic Thiem","Joao Sousa","1",1,3,1,55,60,45,31,20,3,20,3,5,12,NA,NA,148,5,6,6,7,NA,65,57,35,30,8,0,8,0,3,8,NA,NA,133,7,4,3,6,NA
"Kevin Anderson","Jiri Vesely","1",1,3,2,63,76,37,28,21,9,21,9,3,14,NA,NA,154,2,6,6,6,6,57,69,43,43,16,10,16,10,2,6,NA,NA,154,6,7,4,4,4
"Ivo Karlovic","Ivan Dodig","1",0,0,3,66,55,34,18,25,1,48,27,1,3,24,50,93,6,3,6,NA,NA,83,68,17,12,8,2,41,7,2,3,24,35,108,7,6,7,NA,NA
"Jan Hajek","Damir Dzumhur","1",0,0,3,73,31,27,6,2,6,2,6,1,2,NA,NA,55,4,2,1,NA,NA,53,31,47,19,4,3,4,3,7,12,NA,NA,95,6,6,6,NA,NA
"Di Wu","Kenny De Schepper","1",0,0,3,60,46,40,29,3,5,33,36,2,13,23,35,125,5,5,6,NA,NA,62,63,38,20,19,13,58,66,4,11,29,44,134,7,7,7,NA,NA
"Tomas Berdych","Aleksandr Nedovyesov","1",1,3,0,66,39,34,19,9,0,35,17,4,14,13,23,97,6,6,6,NA,NA,61,37,39,17,8,2,22,37,0,2,11,16,67,3,4,3,NA,NA
"James Duckworth","Roger Federer","1",0,0,3,52,36,48,19,13,3,34,38,0,1,19,34,74,4,4,2,NA,NA,58,40,42,19,11,5,30,17,4,17,18,22,96,6,6,6,NA,NA
"Radek Stepanek","Blaz Kavcic","1",0,2,2,51,37,49,29,5,11,51,54,4,11,22,32,104,7,6,1,0,NA,63,43,37,22,10,6,41,27,6,14,6,15,121,6,4,6,2,NA
"Teymuraz Gabashvili","Sergiy Stakhovsky","1",1,3,1,58,49,42,24,5,4,5,4,9,17,NA,NA,133,6,6,6,6,NA,55,50,45,21,14,8,14,8,3,6,NA,NA,112,7,4,2,0,NA
"Fernando Verdasco","Ze Zhang","1",1,3,1,61,59,39,24,20,6,44,40,5,14,7,11,125,5,6,6,6,NA,58,44,42,25,7,6,20,48,1,5,10,17,101,7,3,2,3,NA
"Daniel Brands","Gilles Simon","1",0,2,3,63,109,37,36,41,4,111,81,2,25,29,44,231,7,4,6,3,1,56,114,44,57,32,18,75,53,4,10,37,55,230,6,6,3,6,1
"Marin Cilic","Marcel Granollers","1",1,3,2,58,57,42,30,22,4,63,53,5,8,21,31,145,4,4,6,6,6,61,64,39,27,13,4,41,34,2,3,20,29,124,6,6,3,3,2
"Thomaz Bellucci","Julian Reister","1",1,2,1,53,39,47,24,8,6,33,37,4,7,18,22,98,4,6,7,NA,NA,60,41,40,16,4,9,21,36,4,8,8,19,93,6,3,6,NA,NA
"Jo-Wilfried Tsonga","Filippo Volandri","1",1,3,0,62,37,38,23,15,1,36,25,5,13,12,15,104,7,6,6,NA,NA,57,35,43,20,2,6,28,39,1,2,20,31,77,5,3,3,NA,NA
"Martin Klizan","John Isner","1",1,2,0,54,25,46,21,9,2,27,10,2,5,1,3,71,6,7,NA,NA,NA,78,36,22,6,10,0,23,23,0,3,5,10,52,2,6,NA,NA,NA
"Blaz Rola","Federico Delbonis","1",1,3,0,68,57,32,13,6,8,6,8,4,9,NA,NA,108,6,6,7,NA,NA,63,38,37,16,4,1,4,1,0,8,NA,NA,86,4,2,5,NA,NA
"Michal Przysiezny","Horacio Zeballos","1",1,3,0,69,48,31,17,15,0,15,0,5,8,NA,NA,104,6,7,7,NA,NA,60,43,40,18,11,4,11,4,2,4,NA,NA,85,3,6,5,NA,NA
"Stephane Robert","Aljaz Bedene","1",1,3,0,46,25,54,21,4,2,22,22,9,17,11,12,104,7,6,6,NA,NA,54,40,46,9,16,11,28,52,4,5,6,10,74,6,3,0,NA,NA
"Somdev Devvarman","Feliciano Lopez","1",0,0,3,52,34,48,28,6,1,6,1,2,7,NA,NA,89,4,4,6,NA,NA,65,50,35,18,12,2,12,2,4,7,NA,NA,110,6,6,7,NA,NA
"Michael Berrer","Michael Llodra","1",1,3,0,63,39,37,19,9,6,9,6,5,12,NA,NA,95,6,7,6,NA,NA,72,47,28,12,10,5,10,5,0,2,NA,NA,74,4,5,1,NA,NA
"Vincent Millot","Wayne Odesnik","1",1,3,2,57,63,43,34,18,9,54,68,11,26,8,11,173,7,4,6,6,6,67,67,33,22,11,2,39,73,7,20,10,17,158,5,6,7,1,3
"Andy Murray","Go Soeda","1",1,3,0,69,33,31,11,12,2,32,13,7,13,4,5,84,6,6,6,NA,NA,61,28,39,6,6,3,23,33,0,0,11,16,49,1,1,3,NA,NA
"Rhyne Williams","Juan Martin Del Potro","1",0,1,3,57,52,43,25,29,1,55,39,1,2,12,18,107,7,3,4,4,NA,64,62,36,23,16,3,46,29,4,8,21,28,122,6,6,6,6,NA
"Roberto Bautista Agut","Tim Smyczek","1",1,3,0,82,37,18,7,1,1,1,1,8,18,NA,NA,95,6,6,6,NA,NA,61,28,39,10,8,5,8,5,1,2,NA,NA,55,2,1,1,NA,NA
"Nick Kyrgios","Benjamin Becker","1",1,3,1,54,60,46,25,34,13,71,52,6,8,5,8,133,6,6,6,7,NA,53,45,47,31,12,5,38,36,3,7,6,6,114,3,7,2,6,NA
"Benoit Paire","Frank Dancevic","1",1,3,0,57,54,43,22,24,6,58,25,3,12,22,35,117,7,6,6,NA,NA,59,47,41,20,12,3,36,14,1,4,15,32,97,6,3,4,NA,NA
"Bradley Klahn","Grigor Dimitrov","1",0,1,3,58,54,42,28,10,9,10,9,0,0,NA,NA,105,7,4,4,3,NA,57,55,43,30,14,4,14,4,4,8,NA,NA,133,6,6,6,6,NA
"Jimmy Wang","Yen-Hsun Lu","1",0,0,3,63,32,37,12,1,3,1,3,3,7,NA,NA,76,3,2,1,NA,NA,62,33,38,11,9,5,9,5,9,19,NA,NA,101,6,6,6,NA,NA
"Peter Gojowczyk","Victor Hanescu","1",0,0,3,55,44,45,22,8,6,36,59,1,6,5,7,103,6,6,3,NA,NA,66,60,34,23,9,4,24,34,2,6,10,12,121,7,7,6,NA,NA
"Milos Raonic","Daniel Gimeno-Traver","1",1,3,1,64,56,36,17,21,7,48,29,7,20,21,30,127,7,6,4,6,NA,56,43,44,25,5,5,22,33,3,6,8,12,96,6,1,6,2,NA
"Marinko Matosevic","Kei Nishikori","1",0,2,3,61,69,39,29,14,9,46,63,3,9,16,30,147,3,7,2,6,2,66,68,34,25,6,6,44,50,7,15,11,16,167,6,5,6,4,6
"Dusan Lajovic","Lucas Pouille","1",1,3,1,61,53,39,30,7,7,28,57,5,10,8,17,141,6,7,4,6,NA,61,55,39,22,2,10,41,88,4,8,23,39,126,4,6,6,3,NA
"Robin Haase","Donald Young","1",0,1,3,67,56,33,18,11,6,38,56,1,4,13,15,106,7,6,2,0,NA,73,58,27,16,0,5,34,33,2,7,29,40,124,6,7,6,1,NA
"Andreas Seppi","Lleyton Hewitt","1",1,3,2,59,72,41,40,17,5,67,59,7,18,8,11,175,7,6,5,5,7,51,76,49,38,23,5,54,61,7,13,23,40,178,6,3,7,7,5
"Ryan Harrison","Gael Monfils","1",0,0,3,62,42,38,17,2,1,19,23,0,0,13,20,76,4,4,4,NA,NA,64,43,36,18,9,5,43,27,3,4,18,22,95,6,6,6,NA,NA
"Tobias Kamke","Jack Sock","1",0,1,3,49,51,51,36,6,8,6,8,2,12,NA,NA,138,6,7,2,4,NA,50,54,50,43,16,12,16,12,4,10,NA,NA,146,7,5,6,6,NA
"Thanasi Kokkinakis","Igor Sijsling","1",1,3,1,54,55,46,36,8,9,54,45,3,5,14,23,135,7,0,7,6,NA,59,56,41,23,20,5,53,47,4,9,23,36,135,6,6,6,2,NA
"Rafael Nadal","Bernard Tomic","1",1,1,0,62,14,38,6,5,1,13,5,1,1,5,5,30,6,NA,NA,NA,NA,71,15,29,3,3,1,13,7,0,0,3,5,24,4,NA,NA,NA,NA
"Leonardo Mayer","Novak Djokovic","2",0,0,3,52,28,48,17,3,7,14,39,0,0,7,11,59,0,4,4,NA,NA,66,36,34,17,12,2,30,11,5,6,5,9,93,6,6,6,NA,NA
"Dmitry Tursunov","Denis Istomin","2",0,1,3,53,45,47,26,5,5,31,44,3,10,24,38,106,6,6,1,4,NA,54,47,46,36,14,1,46,34,5,8,14,18,127,7,4,6,6,NA
"Sam Querrey","Ernests Gulbis","2",1,3,0,72,45,28,11,19,4,30,21,5,9,6,11,88,6,6,6,NA,NA,46,23,54,21,7,4,19,41,1,3,6,11,59,2,3,4,NA,NA
"Fabio Fognini","Jarkko Nieminen","2",1,3,1,58,62,42,30,9,12,51,60,5,15,27,33,144,7,6,3,6,NA,65,57,35,23,3,5,24,37,2,16,15,24,134,5,4,6,2,NA
"Nikolay Davydenko","Richard Gasquet","2",0,0,3,77,48,23,11,6,1,39,43,4,5,9,12,97,6,4,4,NA,NA,58,41,42,21,9,5,33,37,6,11,10,15,110,7,6,6,NA,NA
"Tommy Robredo","Julien Benneteau","2",1,3,1,58,61,42,38,17,3,66,25,4,13,13,17,159,6,6,6,7,NA,62,68,38,27,14,6,64,65,1,11,42,65,138,3,7,1,6,NA
"Matthew Ebden","Vasek Pospisil","2",0,1,3,68,64,32,19,8,3,30,43,3,11,26,35,121,6,6,6,1,NA,60,59,40,31,13,3,46,47,4,5,25,39,132,3,7,7,6,NA
"Stanislas Wawrinka","Alejandro Falla","2",1,3,1,56,57,44,31,9,4,61,46,6,17,23,29,142,6,6,6,6,NA,60,56,40,25,1,3,26,37,2,7,24,39,117,3,3,7,4,NA
"Adrian Mannarino","David Ferrer","2",0,1,3,55,44,45,25,5,1,32,73,5,10,18,31,113,6,7,0,3,NA,68,56,32,18,0,4,32,48,9,17,21,22,142,7,5,6,6,NA
"Jeremy Chardy","Alexandr Dolgopolov","2",1,3,1,60,74,40,30,22,10,76,73,5,14,24,38,164,7,7,6,7,NA,71,81,29,22,15,2,43,36,4,12,19,24,160,5,6,7,6,NA
"Pablo Andujar","Jerzy Janowicz","2",0,1,3,79,71,21,20,11,1,57,28,3,11,17,26,149,6,6,6,3,NA,67,76,33,25,15,5,63,47,3,11,11,18,151,4,7,7,6,NA
"Mikhail Youzhny","Florian Mayer","2",0,2,3,55,55,45,36,14,5,48,46,3,7,14,21,126,4,6,3,6,3,60,59,40,33,19,3,48,41,4,11,29,42,136,6,3,6,3,6
"Edouard Roger-Vasselin","Guillermo Garcia-Lopez","2",1,3,1,57,49,43,28,11,2,11,2,7,17,NA,NA,130,7,6,4,6,NA,51,46,49,26,9,10,9,10,4,13,NA,NA,117,6,4,6,1,NA
"Kevin Anderson","Dominic Thiem","2",1,3,0,65,43,35,18,15,5,30,22,3,5,12,15,87,6,6,6,NA,NA,59,34,41,16,10,3,28,21,0,2,2,5,69,4,3,4,NA,NA
"Damir Dzumhur","Ivan Dodig","2",0,2,2,51,36,49,26,7,6,33,27,3,5,12,18,95,4,4,6,4,NA,55,39,45,20,13,2,37,43,3,7,12,19,91,6,6,3,1,NA
"Tomas Berdych","Kenny De Schepper","2",1,3,0,64,37,36,15,5,4,29,13,5,8,21,25,93,6,6,6,NA,NA,63,33,37,10,8,9,29,32,0,0,14,25,57,4,1,3,NA,NA
"Blaz Kavcic","Roger Federer","2",0,0,3,62,32,38,18,6,3,14,21,1,2,4,13,72,2,1,6,NA,NA,76,45,24,9,11,0,52,35,6,11,23,29,103,6,6,7,NA,NA
"Fernando Verdasco","Teymuraz Gabashvili","2",0,2,3,60,67,40,34,12,18,56,71,6,10,15,26,156,6,6,6,4,4,68,62,32,26,2,4,24,51,5,17,6,10,146,7,3,2,6,6
"Marin Cilic","Gilles Simon","2",0,2,3,50,50,50,32,15,7,15,7,7,15,NA,NA,156,6,6,7,1,2,49,65,51,41,7,8,7,8,10,12,NA,NA,171,4,7,6,6,6
"Jo-Wilfried Tsonga","Thomaz Bellucci","2",1,3,0,64,51,36,18,14,6,47,28,3,9,16,24,110,7,6,6,NA,NA,45,31,55,34,9,5,19,29,1,4,13,18,88,6,4,4,NA,NA
"Blaz Rola","Martin Klizan","2",0,1,3,63,66,37,24,12,8,12,8,3,4,NA,NA,123,4,3,7,6,NA,58,49,42,34,16,5,16,5,5,14,NA,NA,139,6,6,5,7,NA
"Stephane Robert","Michal Przysiezny","2",1,3,1,58,56,42,30,13,8,43,28,6,17,13,15,143,7,6,6,6,NA,58,50,42,24,12,6,46,63,2,7,22,36,112,6,1,7,1,NA
"Michael Berrer","Feliciano Lopez","2",0,0,3,68,47,32,17,6,3,29,25,2,4,37,61,93,4,6,4,NA,NA,62,45,38,23,8,3,43,24,4,11,17,21,108,6,7,6,NA,NA
"Andy Murray","Vincent Millot","2",1,3,0,59,35,41,17,5,5,25,31,8,17,7,7,106,6,6,7,NA,NA,55,25,45,20,2,7,22,55,3,4,12,20,68,2,2,5,NA,NA
"Roberto Bautista Agut","Juan Martin Del Potro","2",1,3,2,69,88,31,23,12,6,72,59,5,8,20,28,162,4,6,5,6,7,72,76,28,21,28,2,53,41,4,17,13,25,152,6,3,7,4,5
"Benoit Paire","Nick Kyrgios","2",1,3,2,50,68,50,47,32,5,78,45,7,24,28,32,188,6,6,6,6,6,66,86,34,27,24,11,59,74,2,10,21,35,159,7,7,4,2,2
"Yen-Hsun Lu","Grigor Dimitrov","2",0,0,3,70,47,30,19,2,2,23,46,2,4,13,18,95,3,3,6,NA,NA,59,49,41,18,15,7,36,35,5,21,5,9,117,6,6,7,NA,NA
"Milos Raonic","Victor Hanescu","2",1,3,0,64,57,36,23,27,2,63,36,2,6,17,25,116,7,6,6,NA,NA,67,55,33,22,6,1,23,23,0,5,7,10,101,6,4,4,NA,NA
"Dusan Lajovic","Kei Nishikori","2",0,0,3,70,37,30,8,7,3,17,49,1,5,4,7,68,1,1,6,NA,NA,64,43,36,15,5,3,30,27,6,12,10,14,104,6,6,7,NA,NA
"Andreas Seppi","Donald Young","2",0,2,3,57,57,43,33,12,10,47,65,6,18,9,15,165,4,6,3,6,5,61,71,39,29,6,15,47,78,6,15,31,48,158,6,2,6,4,7
"Jack Sock","Gael Monfils","2",0,0,3,58,48,42,23,5,9,34,37,1,1,16,29,92,6,5,2,NA,NA,62,47,38,23,13,3,39,30,4,11,20,26,117,7,7,6,NA,NA
"Rafael Nadal","Thanasi Kokkinakis","2",1,3,0,74,45,26,11,7,1,39,19,5,10,11,14,91,6,6,6,NA,NA,67,33,33,10,4,3,21,24,0,3,8,10,61,2,4,2,NA,NA
"Denis Istomin","Novak Djokovic","3",0,0,3,65,41,35,10,5,1,14,26,1,1,3,9,71,3,3,5,NA,NA,63,38,37,20,6,1,31,23,5,8,16,21,93,6,6,7,NA,NA
"Fabio Fognini","Sam Querrey","3",1,3,0,60,41,40,26,9,3,43,26,4,10,7,11,108,7,6,6,NA,NA,63,43,37,19,10,1,27,41,1,4,11,23,86,5,4,4,NA,NA
"Tommy Robredo","Richard Gasquet","3",1,3,1,65,70,35,21,16,3,51,38,3,7,18,25,140,2,7,6,7,NA,62,61,38,28,4,5,62,34,3,9,44,57,137,6,5,4,6,NA
"Jeremy Chardy","David Ferrer","3",0,0,3,58,44,42,17,8,8,30,51,1,3,17,27,87,2,6,2,NA,NA,72,44,28,17,2,1,22,24,5,11,10,12,111,6,7,6,NA,NA
"Florian Mayer","Jerzy Janowicz","3",1,3,0,68,42,32,15,17,0,38,7,5,11,12,13,98,7,6,6,NA,NA,53,34,47,18,3,7,34,44,0,1,11,15,63,5,2,2,NA,NA
"Kevin Anderson","Edouard Roger-Vasselin","3",1,3,2,67,77,33,26,27,6,82,69,3,12,22,30,164,3,4,6,7,7,74,94,26,20,8,4,43,34,3,7,17,29,162,6,6,3,6,5
"Tomas Berdych","Damir Dzumhur","3",1,3,0,57,37,43,19,13,1,32,26,5,9,13,18,93,6,6,6,NA,NA,44,25,56,17,5,6,21,34,0,2,5,9,58,4,2,2,NA,NA
"Teymuraz Gabashvili","Roger Federer","3",0,0,3,69,38,31,10,3,5,27,33,0,5,7,19,66,2,2,3,NA,NA,62,39,38,16,6,1,35,18,5,14,11,20,98,6,6,6,NA,NA
"Jo-Wilfried Tsonga","Gilles Simon","3",1,3,0,66,49,34,20,17,0,40,29,3,6,20,27,94,7,6,6,NA,NA,53,34,47,22,7,3,21,25,0,3,23,28,79,6,4,2,NA,NA
"Stephane Robert","Martin Klizan","3",1,3,0,72,54,28,11,7,5,35,23,4,10,14,17,105,6,7,6,NA,NA,53,32,47,21,6,4,36,38,0,3,18,29,75,0,6,4,NA,NA
"Andy Murray","Feliciano Lopez","3",1,3,0,64,50,36,16,6,2,29,30,4,11,11,18,106,7,6,6,NA,NA,57,39,43,20,8,7,31,44,1,1,26,37,84,6,4,2,NA,NA
"Benoit Paire","Roberto Bautista Agut","3",0,0,3,58,30,42,10,13,3,31,59,2,7,11,22,65,2,1,4,NA,NA,83,46,17,7,4,1,21,23,7,20,11,14,96,6,6,6,NA,NA
"Milos Raonic","Grigor Dimitrov","3",0,1,3,59,55,41,30,21,5,50,39,1,3,22,53,107,3,6,4,6,NA,60,55,40,33,15,5,49,13,2,4,12,15,128,6,3,6,7,NA
"Donald Young","Kei Nishikori","3",0,0,3,64,23,36,7,1,5,17,32,1,4,15,30,56,5,1,0,NA,NA,54,29,46,21,3,1,30,27,8,12,3,7,93,7,6,6,NA,NA
"Rafael Nadal","Gael Monfils","3",1,3,0,67,38,33,20,2,0,21,18,6,12,9,13,107,6,6,6,NA,NA,69,39,31,10,10,5,33,57,0,6,4,9,70,1,2,3,NA,NA
"Fabio Fognini","Novak Djokovic","4",0,0,3,59,32,41,13,3,7,20,44,0,0,11,16,55,3,0,2,NA,NA,72,38,28,12,7,2,33,21,6,22,12,16,96,6,6,6,NA,NA
"Stanislas Wawrinka","Tommy Robredo","4",1,3,0,56,54,44,24,14,3,57,37,2,5,17,25,118,6,7,7,NA,NA,71,53,29,14,1,0,24,22,1,4,13,16,96,3,6,6,NA,NA
"Florian Mayer","David Ferrer","4",0,1,3,61,52,39,27,4,3,33,49,3,11,29,56,118,7,5,2,1,NA,63,55,37,24,3,1,64,43,9,19,19,27,153,6,7,6,6,NA
"Tomas Berdych","Kevin Anderson","4",1,3,0,52,33,48,21,4,3,38,17,5,17,15,18,92,6,6,6,NA,NA,72,40,28,9,16,1,31,30,0,0,6,19,66,2,2,3,NA,NA
"Jo-Wilfried Tsonga","Roger Federer","4",0,0,3,52,32,48,23,8,1,29,28,0,1,11,25,72,3,5,4,NA,NA,57,42,43,25,7,1,43,21,3,7,34,41,100,6,7,6,NA,NA
"Andy Murray","Stephane Robert","4",1,3,1,62,59,38,25,8,3,48,47,7,14,16,24,137,6,6,6,6,NA,51,39,49,22,3,8,33,56,1,6,20,31,103,1,2,7,2,NA
"Grigor Dimitrov","Roberto Bautista Agut","4",1,3,1,60,57,40,21,11,3,38,34,4,5,23,35,114,6,3,6,6,NA,64,44,36,22,5,1,27,45,1,5,13,23,100,3,6,2,4,NA
"Rafael Nadal","Kei Nishikori","4",1,3,0,71,67,29,14,12,1,36,28,5,8,10,19,129,7,7,7,NA,NA,66,51,34,16,2,1,36,51,4,10,20,25,110,6,5,6,NA,NA
"Stanislas Wawrinka","Novak Djokovic","5",1,3,2,58,71,42,36,17,5,51,60,5,10,20,30,153,2,6,6,3,9,73,75,27,23,7,1,45,60,4,7,26,35,161,6,4,2,6,7
"Tomas Berdych","David Ferrer","5",1,3,1,52,52,48,27,10,4,43,62,5,13,18,28,128,6,6,2,6,NA,61,46,39,23,2,1,30,46,3,12,12,13,119,1,4,6,4,NA
"Andy Murray","Roger Federer","5",0,1,3,61,60,39,28,9,1,41,46,1,2,17,27,121,3,4,7,3,NA,64,61,36,28,10,0,54,42,4,17,49,66,147,6,6,6,6,NA
"Rafael Nadal","Grigor Dimitrov","5",1,3,1,73,66,27,22,3,7,42,47,4,11,32,36,147,3,7,7,6,NA,58,64,42,32,16,5,54,61,3,6,28,41,132,6,6,6,2,NA
"Tomas Berdych","Stanislas Wawrinka","6",0,1,3,62,71,38,30,21,7,60,49,0,1,23,31,142,3,7,6,6,NA,61,72,39,32,18,4,57,49,1,4,14,18,143,6,6,7,7,NA
"Rafael Nadal","Roger Federer","6",1,3,0,65,41,35,22,3,1,28,25,4,14,3,10,105,7,6,6,NA,NA,66,45,34,18,8,1,34,50,1,2,23,42,86,6,3,3,NA,NA
"Rafael Nadal","Stanislas Wawrinka","7",0,1,3,78,50,22,10,1,3,19,32,2,6,5,8,88,3,2,6,3,NA,55,46,45,22,19,2,53,49,5,15,11,12,116,6,6,3,6,NA
"Pablo Carreno-Busta","Roger Federer","1",0,0,3,62,27,38,11,1,3,12,29,1,3,9,20,50,2,2,3,NA,NA,68,33,32,14,10,0,33,19,7,7,14,18,88,6,6,6,NA,NA
"Somdev Devvarman","Daniel Munoz-De La Nava","1",1,3,0,62,54,38,22,7,3,26,20,5,8,12,21,120,6,6,7,NA,NA,52,35,48,24,0,2,40,47,1,16,22,25,106,3,3,5,NA,NA
"Tobias Kamke","Paolo Lorenzi","1",1,3,2,62,53,38,15,4,6,42,55,10,22,14,32,140,6,6,3,0,6,46,42,54,31,6,8,39,54,10,18,19,27,139,3,3,6,6,3
"Julien Benneteau","Ricardas Berankis","1",1,3,1,72,87,28,19,14,2,48,27,4,13,14,30,163,7,6,5,7,NA,53,58,47,38,13,10,72,56,4,13,33,43,149,6,3,7,6,NA
"Lukas Lacko","Sam Querrey","1",0,0,3,52,31,48,22,4,4,21,24,1,1,3,5,72,3,4,4,NA,NA,58,39,42,19,10,1,42,37,4,7,12,13,93,6,6,6,NA,NA
"Jan Hajek","Denis Kudla","1",1,3,1,70,58,30,18,4,4,35,36,6,12,8,10,130,6,5,6,6,NA,68,48,32,17,5,5,30,51,1,7,6,9,93,2,7,0,4,NA
"Adrian Mannarino","Pablo Cuevas","1",0,2,3,63,71,37,38,5,5,45,80,5,12,28,41,160,3,6,3,7,5,59,67,41,27,5,6,54,57,6,20,14,22,175,6,2,6,5,7
"Gilles Simon","Lleyton Hewitt","1",1,3,2,59,42,41,25,7,2,41,49,10,14,11,18,136,3,1,6,6,7,49,40,51,29,4,6,44,72,9,10,19,35,120,6,6,4,1,5
"Philipp Petzschner","Marin Cilic","1",0,0,3,56,27,44,13,0,6,12,28,1,2,11,18,54,1,2,3,NA,NA,50,26,50,20,5,1,35,15,7,12,13,21,92,6,6,6,NA,NA
"Radek Stepanek","Nick Kyrgios","1",0,0,3,63,62,37,29,5,4,41,44,1,6,19,27,132,6,6,6,NA,NA,56,64,44,35,10,7,46,38,1,3,9,20,130,7,7,7,NA,NA
"Viktor Troicki","James Blake","1",1,3,0,48,29,52,20,12,4,33,12,7,11,14,21,91,6,6,6,NA,NA,47,22,53,15,3,2,23,31,2,2,9,22,59,4,2,2,NA,NA
"Juan Monaco","Daniel Gimeno-Traver","1",0,2,3,78,85,22,22,2,1,24,30,5,17,12,18,174,6,6,6,4,4,52,67,48,47,12,5,72,64,5,10,11,18,177,4,4,7,6,6
"Benjamin Becker","Jeremy Chardy","1",0,0,3,66,48,34,13,7,5,24,24,1,5,11,14,85,4,2,5,NA,NA,66,44,34,17,10,6,46,33,5,11,10,16,108,6,6,7,NA,NA
"Roberto Bautista Agut","Gilles Muller","1",1,3,0,83,51,17,6,6,0,27,18,5,14,5,6,100,6,6,6,NA,NA,55,36,45,18,8,5,32,29,1,3,12,20,75,3,4,2,NA,NA
"Jarkko Nieminen","Paul-Henri Mathieu","1",1,3,2,69,84,31,29,11,4,57,42,6,7,8,13,172,6,4,7,4,6,54,58,46,36,7,8,60,71,5,15,24,33,163,4,6,6,6,2
"Jo-Wilfried Tsonga","Aljaz Bedene","1",1,3,0,50,32,50,23,5,0,29,33,6,10,13,17,93,6,6,6,NA,NA,62,26,38,12,4,4,15,35,1,4,9,13,63,2,2,3,NA,NA
"Marinko Matosevic","David Ferrer","1",0,0,3,59,29,41,10,1,5,20,42,5,8,15,26,76,4,3,4,NA,NA,55,33,45,18,3,4,22,22,8,11,6,11,98,6,6,6,NA,NA
"Steve Johnson","Albert Montanes","1",0,2,3,55,53,45,32,5,7,56,41,4,5,19,35,118,4,6,3,6,1,65,59,35,21,5,4,38,20,6,19,11,16,142,6,3,6,3,6
"Joao Sousa","Go Soeda","1",1,3,0,70,40,30,14,7,2,29,21,7,10,5,7,87,6,6,6,NA,NA,58,24,42,10,3,4,19,41,1,4,6,11,57,1,3,2,NA,NA
"Marcel Granollers","Feliciano Lopez","1",0,2,2,70,55,30,18,7,3,29,37,5,14,17,34,132,5,6,4,6,NA,58,52,42,33,12,3,52,66,4,5,26,38,122,7,2,6,4,NA
"Illya Marchenko","Kevin Anderson","1",0,0,3,60,39,40,25,0,4,21,35,1,2,8,18,89,3,5,4,NA,NA,64,50,36,15,13,4,38,33,4,12,12,14,115,6,7,6,NA,NA
"Jan-Lennard Struff","Evgeny Donskoy","1",0,1,3,48,47,52,32,9,5,53,51,6,11,12,20,132,6,6,6,2,NA,59,59,41,25,14,5,40,38,6,10,8,11,132,7,2,7,6,NA
"Steve Darcis","Michael Llodra","1",0,1,3,71,49,29,23,3,1,35,18,4,6,21,42,112,4,6,1,4,NA,58,56,42,16,17,6,59,46,7,18,38,63,131,6,4,6,6,NA
"Milos Raonic","Xavier Malisse","1",1,3,1,73,55,27,14,16,2,61,36,6,9,32,45,116,6,6,4,6,NA,64,42,36,18,8,1,26,18,2,5,9,13,87,2,1,6,4,NA
"Andreas Haider-Maurer","Nicolas Almagro","1",0,1,3,65,50,35,20,8,3,28,32,1,4,7,10,99,6,4,3,3,NA,53,50,47,28,13,6,40,37,4,7,6,12,113,4,6,6,6,NA
"Martin Alund","Edouard Roger-Vasselin","1",0,1,3,57,31,43,17,1,2,24,41,2,7,11,22,83,2,6,1,0,NA,63,45,37,22,6,1,33,34,8,19,16,21,111,6,4,6,6,NA
"Blaz Kavcic","James Duckworth","1",1,3,0,63,33,37,17,1,0,25,8,7,12,11,20,89,6,6,6,NA,NA,46,19,54,11,3,4,13,27,1,5,7,22,50,2,2,2,NA,NA
"Andreas Seppi","Leonardo Mayer","1",1,3,2,67,73,33,32,8,3,50,69,9,14,18,27,171,6,6,6,6,6,64,68,36,28,11,8,48,69,6,10,19,37,154,7,4,3,7,4
"Jurgen Zopp","Tommy Robredo","1",0,0,3,68,35,32,9,3,0,24,27,0,0,14,27,58,3,2,1,NA,NA,65,37,35,12,6,3,32,7,6,15,8,10,95,6,6,6,NA,NA
"Igor Sijsling","Jurgen Melzer","1",1,3,0,64,41,36,18,16,3,31,16,6,11,3,8,94,6,6,6,NA,NA,72,37,28,6,5,6,24,22,2,5,8,10,71,4,3,2,NA,NA
"Ernests Gulbis","Rogerio Dutra Silva","1",1,3,0,53,36,47,23,7,2,40,26,6,9,16,24,97,6,7,6,NA,NA,65,31,35,13,1,2,17,32,3,6,15,23,74,1,6,3,NA,NA
"Tomas Berdych","Gael Monfils","1",0,2,3,66,91,34,33,11,2,72,57,1,5,35,50,174,6,4,7,7,5,72,104,28,27,26,3,66,44,3,8,15,21,189,7,6,6,6,7
"Sergiy Stakhovsky","Richard Gasquet","1",0,0,3,55,22,45,17,1,1,16,30,1,4,12,27,57,1,4,3,NA,NA,67,36,33,16,3,1,26,13,6,10,21,27,88,6,6,6,NA,NA
"Michal Przysiezny","Rhyne Williams","1",1,3,1,67,75,33,27,13,4,57,31,4,12,29,41,151,6,6,7,7,NA,67,66,33,21,19,2,45,33,1,10,6,16,134,3,7,5,5,NA
"Florent Serra","Nikolay Davydenko","1",0,0,3,64,35,36,13,1,1,17,25,2,3,2,3,75,3,4,5,NA,NA,67,50,33,16,3,3,28,27,5,7,5,5,96,6,6,7,NA,NA
"Florian Mayer","Denis Istomin","1",0,1,2,59,40,41,15,6,3,22,24,4,7,10,14,87,6,3,5,NA,NA,69,44,31,13,7,3,53,31,5,11,17,26,101,4,6,7,NA,NA
"Albert Ramos","Jerzy Janowicz","1",0,0,3,61,41,39,25,5,1,22,17,1,6,10,18,94,6,5,3,NA,NA,63,49,37,26,17,3,65,46,3,7,19,22,113,7,7,6,NA,NA
"Kenny De Schepper","Robin Haase","1",0,1,3,64,61,36,21,7,11,56,60,3,6,31,49,125,4,6,6,3,NA,65,59,35,25,8,6,35,31,3,8,17,23,131,6,7,2,6,NA
"Vasek Pospisil","Horacio Zeballos","1",0,2,2,56,67,44,34,21,7,58,53,1,4,21,30,141,6,4,7,4,NA,68,71,32,18,10,4,44,42,1,10,15,22,135,7,6,6,1,NA
"Stanislas Wawrinka","Thiemo De Bakker","1",1,3,1,69,74,31,24,9,3,55,50,4,15,35,56,146,7,6,6,7,NA,69,70,31,25,7,2,38,30,1,4,20,33,135,5,3,7,5,NA
"Jesse Levine","Kei Nishikori","1",0,0,3,52,16,48,9,1,5,9,33,1,3,4,8,49,3,2,0,NA,NA,51,27,49,19,2,4,26,25,8,11,7,7,86,6,6,6,NA,NA
"Grega Zemlja","Santiago Giraldo","1",1,3,0,52,32,48,21,12,2,43,24,6,13,6,7,92,6,6,6,NA,NA,64,30,36,12,4,0,19,26,0,3,1,2,62,1,4,1,NA,NA
"Lukasz Kubot","Maxime Teixeira","1",1,2,1,64,30,36,12,4,5,25,45,6,16,16,36,90,6,5,3,NA,NA,64,37,36,12,4,5,26,42,5,8,11,18,85,4,7,1,NA,NA
"Benoit Paire","Marcos Baghdatis","1",1,2,1,46,40,54,29,6,2,39,46,2,3,21,28,101,3,7,4,NA,NA,53,34,47,25,2,7,17,24,2,14,13,25,104,6,6,3,NA,NA
"Andreas Beck","Fabio Fognini","1",0,0,3,55,37,45,25,4,4,34,39,1,13,15,23,106,3,5,3,NA,NA,64,50,36,27,10,5,39,22,5,13,9,11,125,6,7,6,NA,NA
"Pere Riba","Lukas Rosol","1",0,0,3,60,38,40,14,3,0,12,16,1,5,0,6,82,3,4,4,NA,NA,62,41,38,23,7,4,62,50,4,7,9,12,97,6,6,6,NA,NA
"Martin Klizan","Michael Russell","1",1,2,1,49,29,51,22,7,4,32,37,6,11,13,19,92,3,6,6,NA,NA,69,35,31,9,3,4,22,32,3,12,10,19,81,6,3,1,NA,NA
"Rafael Nadal","Daniel Brands","1",1,3,1,84,74,16,12,2,4,40,26,3,8,19,25,140,4,7,6,6,NA,74,66,26,22,10,1,51,53,1,4,25,40,115,6,6,4,3,NA
"Fernando Verdasco","Marc Gicquel","1",1,3,0,64,37,36,11,4,5,25,22,7,13,7,12,89,6,6,6,NA,NA,53,23,47,13,1,3,11,25,1,3,5,8,58,2,3,1,NA,NA
"Federico Delbonis","Julian Reister","1",1,3,1,55,52,45,27,8,8,53,41,7,10,13,23,122,6,6,6,6,NA,72,47,28,15,2,1,23,35,1,8,9,15,97,7,1,0,4,NA
"Mikhail Youzhny","Pablo Andujar","1",1,3,1,65,70,35,20,11,5,71,52,6,20,26,37,153,4,6,6,6,NA,56,49,44,27,2,4,28,39,3,12,11,24,127,6,4,2,3,NA
"Carlos Berlocq","John Isner","1",0,0,3,73,45,27,10,3,3,27,11,1,5,11,18,83,3,4,4,NA,NA,63,45,37,16,14,1,52,29,4,9,16,27,97,6,6,6,NA,NA
"Andrey Kuznetsov","Ryan Harrison","1",0,0,3,71,48,29,11,4,4,35,31,2,10,17,25,94,3,4,6,NA,NA,56,46,44,26,6,2,29,20,4,8,12,18,111,6,6,7,NA,NA
"Jack Sock","Guillermo Garcia-Lopez","1",1,3,0,56,32,44,23,4,2,26,26,7,13,6,9,97,6,6,7,NA,NA,63,30,37,11,0,10,13,38,2,7,9,14,66,2,2,5,NA,NA
"Tommy Haas","Guillaume Rufin","1",1,3,0,65,48,35,13,6,4,27,41,5,9,12,15,101,7,6,6,NA,NA,61,32,39,21,2,2,16,33,1,4,14,23,78,6,1,3,NA,NA
"Jiri Vesely","Philipp Kohlschreiber","1",0,1,3,61,59,39,25,8,6,35,44,3,5,21,35,120,6,6,5,2,NA,62,61,38,21,7,2,50,41,3,13,16,22,132,7,1,7,6,NA
"Simone Bolelli","Yen-Hsun Lu","1",0,0,3,63,33,37,12,4,NA,18,27,1,1,5,8,57,4,4,1,NA,NA,77,32,23,9,4,NA,20,12,4,11,4,6,78,6,6,2,NA,NA
"Bernard Tomic","Victor Hanescu","1",0,0,3,63,38,37,17,6,3,36,34,1,11,14,15,91,5,6,1,NA,NA,71,51,29,19,5,3,27,22,3,5,14,25,103,7,7,2,NA,NA
"Alexandr Dolgopolov","Dmitry Tursunov","1",0,0,3,55,51,45,22,14,2,44,50,3,7,8,11,116,6,4,6,NA,NA,51,47,49,28,8,6,38,42,4,8,7,13,119,7,6,7,NA,NA
"Alejandro Falla","Grigor Dimitrov","1",0,0,2,54,10,46,7,1,1,6,15,1,5,5,7,38,4,0,NA,NA,NA,59,20,41,10,2,1,14,16,2,2,6,7,48,6,1,NA,NA,NA
"Alex Kuznetsov","Lucas Pouille","1",0,0,3,63,33,37,13,5,3,34,49,1,6,19,26,84,1,6,2,NA,NA,48,36,52,33,8,3,38,37,5,11,10,14,109,6,7,6,NA,NA
"Ivan Dodig","Guido Pella","1",0,2,3,56,80,44,37,21,8,70,72,6,14,35,48,172,6,4,3,6,1,61,71,39,35,4,7,52,49,6,15,21,31,179,4,6,6,2,1
"Novak Djokovic","David Goffin","1",1,3,0,69,53,31,20,5,0,26,31,3,11,13,21,114,7,6,7,NA,NA,61,46,39,25,7,2,32,38,1,2,15,26,99,6,4,5,NA,NA
"Somdev Devvarman","Roger Federer","2",0,0,3,61,19,39,16,2,NA,12,14,0,3,3,14,52,2,1,1,NA,NA,62,30,38,18,3,NA,54,33,7,14,19,30,88,6,6,6,NA,NA
"Julien Benneteau","Tobias Kamke","2",1,3,2,72,83,28,23,5,8,63,76,5,10,32,47,174,7,7,5,0,6,65,75,35,37,5,4,55,38,7,16,22,34,183,6,5,7,6,4
"Jan Hajek","Sam Querrey","2",0,0,3,66,36,34,16,3,1,31,25,4,8,7,18,88,4,5,4,NA,NA,62,45,38,14,8,6,39,28,7,12,9,15,107,6,7,6,NA,NA
"Gilles Simon","Pablo Cuevas","2",1,3,1,57,41,43,26,4,1,54,41,10,17,16,22,126,6,6,6,6,NA,56,37,44,19,2,4,23,39,2,5,8,14,89,7,1,1,1,NA
"Nick Kyrgios","Marin Cilic","2",0,0,3,64,33,36,10,3,4,14,23,0,3,2,6,57,4,2,2,NA,NA,51,32,49,23,8,3,32,15,5,7,5,5,92,6,6,6,NA,NA
"Daniel Gimeno-Traver","Viktor Troicki","2",0,2,3,78,84,22,15,1,3,49,60,7,10,14,23,162,6,6,0,7,4,56,61,44,35,14,2,57,56,10,23,20,37,180,4,7,6,6,6
"Roberto Bautista Agut","Jeremy Chardy","2",0,0,3,79,42,21,8,1,0,17,11,0,0,14,20,80,1,5,4,NA,NA,64,50,36,17,11,4,59,41,4,8,21,28,101,6,7,6,NA,NA
"Jo-Wilfried Tsonga","Jarkko Nieminen","2",1,3,0,65,44,35,19,8,1,35,36,4,7,18,22,106,7,6,6,NA,NA,61,41,39,25,1,2,24,35,1,1,21,29,83,6,4,3,NA,NA
"Albert Montanes","David Ferrer","2",0,0,3,67,28,33,9,3,1,28,36,2,3,10,17,63,2,1,3,NA,NA,60,31,40,15,3,2,29,21,8,15,8,13,96,6,6,6,NA,NA
"Feliciano Lopez","Joao Sousa","2",1,3,1,64,56,36,23,17,0,42,36,3,12,17,22,126,3,6,6,6,NA,66,58,34,24,10,3,31,41,1,3,11,18,112,6,3,4,4,NA
"Evgeny Donskoy","Kevin Anderson","2",0,1,3,67,62,33,21,3,2,44,36,0,5,9,13,120,7,1,5,2,NA,68,69,32,26,14,3,58,37,5,11,14,19,148,6,6,7,6,NA
"Milos Raonic","Michael Llodra","2",1,3,1,63,62,37,25,24,5,75,42,4,12,33,46,144,7,3,7,6,NA,61,59,39,32,14,4,44,26,2,7,28,56,127,5,6,6,2,NA
"Edouard Roger-Vasselin","Nicolas Almagro","2",0,0,3,57,30,43,16,4,1,23,34,1,11,11,17,81,2,4,3,NA,NA,46,36,54,30,9,6,41,45,5,12,11,14,95,6,6,6,NA,NA
"Andreas Seppi","Blaz Kavcic","2",1,3,2,57,67,43,41,14,2,63,40,6,18,24,39,176,6,7,6,4,6,63,64,37,37,7,5,46,40,3,9,19,32,157,0,6,7,6,3
"Igor Sijsling","Tommy Robredo","2",0,2,3,52,51,48,30,9,4,64,53,3,6,37,50,132,7,6,3,1,1,62,67,38,28,12,4,52,29,8,14,8,16,157,6,4,6,6,6
"Gael Monfils","Ernests Gulbis","2",1,3,1,64,65,36,32,8,4,29,33,7,11,10,19,139,6,6,7,6,NA,60,55,40,22,3,6,52,69,4,12,26,38,132,7,4,6,2,NA
"Michal Przysiezny","Richard Gasquet","2",0,0,3,64,27,36,8,3,0,14,34,2,3,6,13,53,3,3,0,NA,NA,59,32,41,14,9,3,39,15,8,13,6,9,92,6,6,6,NA,NA
"Denis Istomin","Nikolay Davydenko","2",0,0,3,68,41,32,19,3,0,19,41,1,1,13,22,80,4,5,2,NA,NA,65,41,35,18,2,1,22,28,5,14,15,21,102,6,7,6,NA,NA
"Robin Haase","Jerzy Janowicz","2",0,1,3,68,51,32,21,1,0,23,28,3,10,17,34,115,4,6,4,3,NA,60,48,40,28,5,7,59,47,6,14,25,44,124,6,4,6,6,NA
"Stanislas Wawrinka","Horacio Zeballos","2",1,3,0,66,52,34,18,19,6,50,33,3,6,13,25,111,6,7,6,NA,NA,62,46,38,16,4,3,25,26,0,8,17,24,90,2,6,4,NA,NA
"Grega Zemlja","Kei Nishikori","2",0,1,3,48,39,52,24,5,5,24,47,6,10,8,13,110,1,7,1,4,NA,63,45,37,19,4,5,43,56,11,23,16,19,135,6,5,6,6,NA
"Benoit Paire","Lukasz Kubot","2",1,3,0,57,34,43,20,9,3,54,35,7,16,15,22,102,7,6,6,NA,NA,75,46,25,8,1,2,23,26,4,6,9,24,82,6,2,4,NA,NA
"Lukas Rosol","Fabio Fognini","2",0,1,3,57,51,43,21,8,3,37,51,2,6,17,33,105,2,6,6,1,NA,74,60,26,17,7,4,34,36,4,11,5,11,131,6,7,2,6,NA
"Rafael Nadal","Martin Klizan","2",1,3,1,74,55,26,10,5,2,27,29,7,10,14,20,113,4,6,6,6,NA,56,30,44,25,6,5,32,57,4,7,15,28,90,6,3,3,3,NA
"Fernando Verdasco","Janko Tipsarevic","2",0,2,3,58,77,42,40,10,9,74,89,4,14,29,39,187,6,1,6,7,6,64,82,36,38,9,1,49,52,5,20,21,32,194,7,6,3,5,8
"Mikhail Youzhny","Federico Delbonis","2",1,3,1,69,70,31,24,5,4,44,45,6,15,19,32,152,6,6,7,6,NA,57,55,43,30,2,5,48,48,3,11,17,32,136,3,7,5,4,NA
"Ryan Harrison","John Isner","2",0,2,3,64,88,36,32,9,9,52,37,1,7,13,26,160,7,7,3,1,6,65,81,35,37,15,2,61,52,5,18,39,56,183,5,6,6,6,8
"Tommy Haas","Jack Sock","2",1,3,0,74,62,26,15,11,3,34,30,4,16,10,15,116,7,6,7,NA,NA,54,39,46,22,4,6,25,34,1,7,18,26,96,6,2,5,NA,NA
"Dmitry Tursunov","Victor Hanescu","2",0,0,2,59,31,41,9,6,4,25,15,2,2,6,9,62,4,6,NA,NA,NA,67,33,33,9,6,0,24,10,3,5,5,6,66,6,6,NA,NA,NA
"Lucas Pouille","Grigor Dimitrov","2",0,0,3,60,31,40,14,1,3,15,39,1,6,13,23,71,1,6,1,NA,NA,49,37,51,29,5,3,37,33,5,10,17,19,103,6,7,6,NA,NA
"Novak Djokovic","Guido Pella","2",1,3,0,72,38,28,10,1,2,29,26,7,16,17,23,93,6,6,6,NA,NA,57,26,43,12,1,4,10,34,0,1,3,7,58,2,0,2,NA,NA
"Julien Benneteau","Roger Federer","3",0,0,3,82,41,18,8,2,1,15,31,1,3,9,15,64,3,4,5,NA,NA,65,42,35,22,7,0,38,21,4,4,8,11,98,6,6,7,NA,NA
"Gilles Simon","Sam Querrey","3",1,3,2,60,52,40,32,3,2,36,29,6,10,11,22,133,2,6,2,7,6,58,60,42,21,9,7,61,50,7,14,21,33,134,6,3,6,6,2
"Viktor Troicki","Marin Cilic","3",1,3,0,65,61,35,20,7,4,32,36,4,10,13,21,128,7,6,7,NA,NA,59,43,41,27,6,4,34,56,2,9,20,29,115,6,4,5,NA,NA
"Jo-Wilfried Tsonga","Jeremy Chardy","3",1,3,0,67,40,33,17,6,0,25,24,5,10,13,15,86,6,6,7,NA,NA,65,35,35,10,3,3,17,34,0,2,15,21,60,1,2,5,NA,NA
"Feliciano Lopez","David Ferrer","3",0,0,3,63,37,37,14,5,3,21,41,3,5,18,28,80,1,5,4,NA,NA,66,41,34,17,1,4,35,30,7,19,14,20,111,6,7,6,NA,NA
"Milos Raonic","Kevin Anderson","3",0,0,3,57,49,43,29,16,1,50,38,1,4,13,27,102,5,6,3,NA,NA,69,54,31,19,8,2,31,15,3,12,10,12,126,7,7,6,NA,NA
"Andreas Seppi","Nicolas Almagro","3",0,0,3,51,34,49,18,6,2,32,37,1,5,5,8,74,6,0,4,NA,NA,69,50,31,12,19,2,43,20,5,13,12,14,107,7,6,6,NA,NA
"Gael Monfils","Tommy Robredo","3",0,2,3,68,73,32,27,2,1,61,68,4,12,28,36,154,6,7,2,6,2,70,74,30,30,4,2,50,52,6,17,28,40,170,2,6,6,7,6
"Nikolay Davydenko","Richard Gasquet","3",0,0,3,76,46,24,9,3,0,36,38,2,3,11,18,83,4,4,3,NA,NA,68,40,32,19,5,3,27,18,5,10,17,31,101,6,6,6,NA,NA
"Stanislas Wawrinka","Jerzy Janowicz","3",1,3,1,58,54,42,31,9,2,48,29,5,14,24,32,136,6,6,6,6,NA,61,58,39,23,6,10,37,46,1,5,19,31,116,3,7,3,3,NA
"Benoit Paire","Kei Nishikori","3",0,1,3,43,40,57,36,6,9,36,64,4,9,10,20,119,3,7,4,1,NA,63,53,37,23,1,5,27,34,8,19,14,27,137,6,6,6,6,NA
"Rafael Nadal","Fabio Fognini","3",1,3,0,78,52,22,14,5,1,24,40,5,18,15,20,122,7,6,6,NA,NA,67,47,33,26,3,2,47,59,3,11,17,31,111,6,4,4,NA,NA
"Mikhail Youzhny","Janko Tipsarevic","3",1,3,0,64,40,36,21,3,3,42,29,4,8,16,24,96,6,6,6,NA,NA,49,28,51,25,5,5,22,22,0,3,10,20,77,4,4,3,NA,NA
"Tommy Haas","John Isner","3",0,2,3,63,99,37,52,15,9,85,43,3,23,14,23,224,7,7,4,6,1,78,132,22,24,27,0,92,58,2,13,52,80,213,5,6,6,7,8
"Victor Hanescu","Philipp Kohlschreiber","3",0,0,3,73,31,27,8,1,5,21,24,1,14,9,22,71,0,6,1,NA,NA,59,43,41,20,6,1,40,23,6,9,19,32,105,6,7,6,NA,NA
"Novak Djokovic","Grigor Dimitrov","3",1,3,0,68,39,32,13,2,0,13,22,7,16,6,13,94,6,6,6,NA,NA,69,33,31,9,0,2,18,48,1,5,8,12,61,2,2,3,NA,NA
"Gilles Simon","Roger Federer","4",0,2,3,61,65,39,28,5,3,32,47,3,6,15,28,131,1,6,6,2,3,64,56,36,23,9,2,60,56,6,14,25,35,147,6,4,2,6,6
"Jo-Wilfried Tsonga","Viktor Troicki","4",1,3,0,77,45,23,15,1,2,33,24,4,12,18,25,98,6,6,6,NA,NA,62,34,38,15,5,1,20,27,0,3,19,28,70,3,3,3,NA,NA
"Kevin Anderson","David Ferrer","4",0,0,3,71,34,29,7,5,2,25,41,0,2,6,12,60,3,1,1,NA,NA,52,28,48,24,1,3,28,11,6,17,9,12,97,6,6,6,NA,NA
"Tommy Robredo","Nicolas Almagro","4",1,3,2,63,73,37,31,8,2,42,39,7,20,23,27,169,6,3,6,6,6,63,71,37,31,7,1,69,67,6,13,19,30,165,7,6,4,4,4
"Stanislas Wawrinka","Richard Gasquet","4",1,3,2,63,81,37,41,13,6,92,55,4,20,31,45,191,6,4,6,7,8,60,87,40,38,10,2,57,46,2,11,37,53,178,7,6,4,5,6
"Rafael Nadal","Kei Nishikori","4",1,3,0,69,39,31,16,1,0,20,25,5,8,6,8,91,6,6,6,NA,NA,65,27,35,15,0,1,14,39,0,4,8,16,65,4,1,3,NA,NA
"Tommy Haas","Mikhail Youzhny","4",1,3,0,61,31,39,14,2,3,25,18,8,15,12,15,82,6,6,6,NA,NA,63,16,37,12,0,3,17,32,2,6,13,21,54,1,1,3,NA,NA
"Novak Djokovic","Philipp Kohlschreiber","4",1,3,1,74,71,26,23,2,2,38,42,4,8,13,31,134,4,6,6,6,NA,55,48,45,28,4,3,48,48,2,13,17,24,123,6,3,4,4,NA
"Jo-Wilfried Tsonga","Roger Federer","5",1,3,0,75,46,25,10,2,0,26,22,6,14,15,23,103,7,6,6,NA,NA,67,39,33,14,0,3,25,34,2,3,15,30,73,5,3,3,NA,NA
"Tommy Robredo","David Ferrer","5",0,0,3,59,22,41,9,2,2,9,28,0,1,4,7,46,2,1,1,NA,NA,47,25,53,22,1,3,26,18,7,12,13,15,84,6,6,6,NA,NA
"Rafael Nadal","Stanislas Wawrinka","5",1,3,0,75,40,25,11,5,0,31,17,7,12,13,16,96,6,6,6,NA,NA,60,30,40,12,3,4,23,40,1,5,16,30,64,2,3,1,NA,NA
"Novak Djokovic","Tommy Haas","5",1,3,0,64,41,36,22,11,0,46,25,5,12,22,27,116,6,7,7,NA,NA,60,48,40,21,4,5,19,34,2,2,2,17,84,3,6,5,NA,NA
"David Ferrer","Jo-Wilfried Tsonga","6",1,3,0,60,35,40,23,3,1,24,21,6,17,17,22,107,6,7,6,NA,NA,58,37,42,17,6,3,31,56,2,5,7,16,84,1,6,2,NA,NA
"Novak Djokovic","Rafael Nadal","6",0,2,3,67,76,33,30,5,2,54,75,5,9,32,50,158,4,6,1,7,7,64,73,36,35,6,3,61,44,8,16,15,26,177,6,3,6,6,9
"Rafael Nadal","David Ferrer","7",1,3,0,70,43,30,11,5,2,35,25,8,16,13,17,100,6,6,6,NA,NA,62,31,38,8,1,5,22,35,3,12,10,14,72,3,2,3,NA,NA
"Lukas Lacko","Novak Djokovic","1",0,0,3,61,35,39,18,5,1,17,29,1,3,8,11,70,3,6,1,NA,NA,68,45,32,17,10,0,40,30,4,8,8,9,101,6,7,6,NA,NA
"Leonardo Mayer","Albert Montanes","1",1,3,0,61,31,39,13,13,1,13,1,7,14,NA,NA,80,6,6,6,NA,NA,60,23,40,9,1,4,1,4,0,0,NA,NA,42,1,3,1,NA,NA
"Marcos Baghdatis","Denis Istomin","1",0,0,3,52,53,48,20,8,4,37,50,1,9,16,23,106,4,5,4,NA,NA,77,57,23,15,9,1,41,41,4,13,12,16,126,6,7,6,NA,NA
"Dmitry Tursunov","Michael Russell","1",1,3,0,53,39,47,24,8,6,8,6,6,9,NA,NA,104,6,6,6,NA,NA,50,24,50,19,1,8,1,8,1,7,NA,NA,79,2,2,3,NA,NA
"Juan Monaco","Ernests Gulbis","1",0,1,3,76,63,24,12,0,4,16,35,3,12,9,13,128,6,4,6,2,NA,53,59,47,32,17,11,59,79,3,5,16,28,127,1,6,7,6,NA
"Santiago Giraldo","Sam Querrey","1",0,1,3,65,51,35,22,9,3,35,41,2,7,6,12,108,3,2,6,6,NA,63,60,37,22,24,4,47,45,4,7,14,17,122,6,6,3,7,NA
"Dudi Sela","Jarkko Nieminen","1",0,2,3,68,73,32,24,5,3,41,50,9,17,14,30,173,6,6,7,3,3,60,66,40,34,2,6,57,72,10,17,25,36,173,3,7,6,6,6
"Fabio Fognini","Alex Bogomolov Jr.","1",1,2,0,47,18,53,15,3,4,21,31,6,20,6,9,78,6,6,NA,NA,NA,54,26,46,13,0,11,11,46,2,6,8,12,61,3,2,NA,NA,NA
"David Guez","Richard Gasquet","1",0,0,3,64,26,36,12,3,NA,20,39,3,7,5,14,67,5,4,1,NA,NA,67,42,33,14,12,NA,32,20,7,10,8,11,94,7,6,6,NA,NA
"Nikolay Davydenko","Lukasz Kubot","1",1,3,2,77,76,23,11,6,4,6,4,7,24,NA,NA,162,3,6,3,6,6,60,68,40,25,8,12,8,12,6,14,NA,NA,141,6,3,6,3,4
"Pablo Carreno Busta","Julien Benneteau","1",0,2,3,53,46,47,35,7,7,47,58,4,5,19,33,126,3,6,6,1,2,66,62,34,24,16,4,49,46,7,19,30,43,152,6,3,4,6,6
"Tommy Robredo","Lukas Rosol","1",1,3,2,57,62,43,43,13,0,50,38,6,18,15,19,177,6,6,3,7,8,51,72,49,41,11,12,82,96,3,7,28,44,152,1,7,6,6,6
"Samuel Groth","Vasek Pospisil","1",0,0,3,65,40,35,17,16,4,35,25,0,2,20,43,74,4,3,4,NA,NA,67,45,33,13,6,4,31,17,4,10,6,10,94,6,6,6,NA,NA
"Nicolas Mahut","Matthew Ebden","1",0,2,3,64,63,36,23,7,4,49,57,6,15,24,46,137,3,5,6,6,3,67,58,33,23,7,7,45,55,6,12,28,37,131,6,7,4,0,6
"Alejandro Falla","Mikhail Kukushkin","1",1,3,1,60,50,40,23,4,2,4,2,10,28,NA,NA,151,6,6,6,6,NA,55,55,45,23,2,3,2,3,4,14,NA,NA,128,7,2,2,3,NA
"Stanislas Wawrinka","Andrey Golubev","1",1,2,0,63,20,37,6,4,1,23,11,4,9,13,14,54,6,4,NA,NA,NA,64,18,36,10,0,0,8,15,1,2,6,12,37,4,1,NA,NA,NA
"Alejandro Gonzalez","David Ferrer","1",0,0,3,68,34,32,7,2,4,22,41,5,7,11,21,75,3,4,4,NA,NA,53,28,47,21,2,6,33,30,8,12,18,22,96,6,6,6,NA,NA
"Steve Johnson","Adrian Mannarino","1",0,2,3,53,50,47,28,21,12,21,12,4,6,NA,NA,129,6,3,0,7,4,58,52,42,37,3,3,3,3,7,11,NA,NA,142,3,6,6,5,6
"Ricardas Berankis","Alexandr Dolgopolov","1",0,0,3,50,39,50,26,10,3,28,38,1,3,17,31,91,5,5,2,NA,NA,58,42,42,23,7,4,37,31,5,16,12,12,114,7,7,6,NA,NA
"Jeremy Chardy","Jesse Huta Galung","1",1,3,0,66,46,34,16,9,2,31,27,4,9,12,13,94,6,6,6,NA,NA,57,41,43,13,9,7,30,33,0,5,14,17,80,2,4,4,NA,NA
"Jordan Thompson","Jerzy Janowicz","1",0,2,3,60,58,40,21,13,8,40,36,3,10,18,28,140,6,6,4,2,1,64,74,36,27,18,11,62,64,5,9,31,46,153,1,4,6,6,6
"Albert Ramos","Pablo Andujar","1",0,0,3,61,32,39,10,2,3,2,3,3,7,NA,NA,77,4,2,4,NA,NA,73,40,27,15,2,1,2,1,7,12,NA,NA,97,6,6,6,NA,NA
"Florian Mayer","Denis Kudla","1",1,3,0,58,36,42,22,6,1,25,23,5,11,11,14,101,6,6,6,NA,NA,59,35,41,18,1,2,31,45,1,3,12,20,78,4,2,4,NA,NA
"Mikhail Youzhny","Jan-Lennard Struff","1",1,3,0,69,39,31,17,5,2,11,30,7,9,5,8,95,6,6,6,NA,NA,49,24,51,12,2,8,20,61,2,5,15,22,66,1,4,2,NA,NA
"Guillermo Garcia-Lopez","Tommy Haas","1",1,2,0,58,27,42,11,7,3,19,9,4,4,3,5,65,7,5,NA,NA,NA,52,22,48,11,4,7,18,35,1,2,10,10,55,5,2,NA,NA,NA
"Carlos Berlocq","Edouard Roger-Vasselin","1",0,1,3,57,49,43,32,9,4,9,4,4,13,NA,NA,150,4,6,7,2,NA,65,67,35,32,6,6,6,6,7,16,NA,NA,163,6,7,6,6,NA
"Dominic Thiem","Joao Sousa","1",1,3,1,55,60,45,31,20,3,20,3,5,12,NA,NA,148,5,6,6,7,NA,65,57,35,30,8,0,8,0,3,8,NA,NA,133,7,4,3,6,NA
"Kevin Anderson","Jiri Vesely","1",1,3,2,63,76,37,28,21,9,21,9,3,14,NA,NA,154,2,6,6,6,6,57,69,43,43,16,10,16,10,2,6,NA,NA,154,6,7,4,4,4
"Ivo Karlovic","Ivan Dodig","1",0,0,3,66,55,34,18,25,1,48,27,1,3,24,50,93,6,3,6,NA,NA,83,68,17,12,8,2,41,7,2,3,24,35,108,7,6,7,NA,NA
"Jan Hajek","Damir Dzumhur","1",0,0,3,73,31,27,6,2,6,2,6,1,2,NA,NA,55,4,2,1,NA,NA,53,31,47,19,4,3,4,3,7,12,NA,NA,95,6,6,6,NA,NA
"Di Wu","Kenny De Schepper","1",0,0,3,60,46,40,29,3,5,33,36,2,13,23,35,125,5,5,6,NA,NA,62,63,38,20,19,13,58,66,4,11,29,44,134,7,7,7,NA,NA
"Tomas Berdych","Aleksandr Nedovyesov","1",1,3,0,66,39,34,19,9,0,35,17,4,14,13,23,97,6,6,6,NA,NA,61,37,39,17,8,2,22,37,0,2,11,16,67,3,4,3,NA,NA
"James Duckworth","Roger Federer","1",0,0,3,52,36,48,19,13,3,34,38,0,1,19,34,74,4,4,2,NA,NA,58,40,42,19,11,5,30,17,4,17,18,22,96,6,6,6,NA,NA
"Radek Stepanek","Blaz Kavcic","1",0,2,2,51,37,49,29,5,11,51,54,4,11,22,32,104,7,6,1,0,NA,63,43,37,22,10,6,41,27,6,14,6,15,121,6,4,6,2,NA
"Teymuraz Gabashvili","Sergiy Stakhovsky","1",1,3,1,58,49,42,24,5,4,5,4,9,17,NA,NA,133,6,6,6,6,NA,55,50,45,21,14,8,14,8,3,6,NA,NA,112,7,4,2,0,NA
"Fernando Verdasco","Ze Zhang","1",1,3,1,61,59,39,24,20,6,44,40,5,14,7,11,125,5,6,6,6,NA,58,44,42,25,7,6,20,48,1,5,10,17,101,7,3,2,3,NA
"Daniel Brands","Gilles Simon","1",0,2,3,63,109,37,36,41,4,111,81,2,25,29,44,231,7,4,6,3,1,56,114,44,57,32,18,75,53,4,10,37,55,230,6,6,3,6,1
"Marin Cilic","Marcel Granollers","1",1,3,2,58,57,42,30,22,4,63,53,5,8,21,31,145,4,4,6,6,6,61,64,39,27,13,4,41,34,2,3,20,29,124,6,6,3,3,2
"Thomaz Bellucci","Julian Reister","1",1,2,1,53,39,47,24,8,6,33,37,4,7,18,22,98,4,6,7,NA,NA,60,41,40,16,4,9,21,36,4,8,8,19,93,6,3,6,NA,NA
"Jo-Wilfried Tsonga","Filippo Volandri","1",1,3,0,62,37,38,23,15,1,36,25,5,13,12,15,104,7,6,6,NA,NA,57,35,43,20,2,6,28,39,1,2,20,31,77,5,3,3,NA,NA
"Martin Klizan","John Isner","1",1,2,0,54,25,46,21,9,2,27,10,2,5,1,3,71,6,7,NA,NA,NA,78,36,22,6,10,0,23,23,0,3,5,10,52,2,6,NA,NA,NA
"Blaz Rola","Federico Delbonis","1",1,3,0,68,57,32,13,6,8,6,8,4,9,NA,NA,108,6,6,7,NA,NA,63,38,37,16,4,1,4,1,0,8,NA,NA,86,4,2,5,NA,NA
"Michal Przysiezny","Horacio Zeballos","1",1,3,0,69,48,31,17,15,0,15,0,5,8,NA,NA,104,6,7,7,NA,NA,60,43,40,18,11,4,11,4,2,4,NA,NA,85,3,6,5,NA,NA
"Stephane Robert","Aljaz Bedene","1",1,3,0,46,25,54,21,4,2,22,22,9,17,11,12,104,7,6,6,NA,NA,54,40,46,9,16,11,28,52,4,5,6,10,74,6,3,0,NA,NA
"Somdev Devvarman","Feliciano Lopez","1",0,0,3,52,34,48,28,6,1,6,1,2,7,NA,NA,89,4,4,6,NA,NA,65,50,35,18,12,2,12,2,4,7,NA,NA,110,6,6,7,NA,NA
"Michael Berrer","Michael Llodra","1",1,3,0,63,39,37,19,9,6,9,6,5,12,NA,NA,95,6,7,6,NA,NA,72,47,28,12,10,5,10,5,0,2,NA,NA,74,4,5,1,NA,NA
"Vincent Millot","Wayne Odesnik","1",1,3,2,57,63,43,34,18,9,54,68,11,26,8,11,173,7,4,6,6,6,67,67,33,22,11,2,39,73,7,20,10,17,158,5,6,7,1,3
"Andy Murray","Go Soeda","1",1,3,0,69,33,31,11,12,2,32,13,7,13,4,5,84,6,6,6,NA,NA,61,28,39,6,6,3,23,33,0,0,11,16,49,1,1,3,NA,NA
"Rhyne Williams","Juan Martin Del Potro","1",0,1,3,57,52,43,25,29,1,55,39,1,2,12,18,107,7,3,4,4,NA,64,62,36,23,16,3,46,29,4,8,21,28,122,6,6,6,6,NA
"Roberto Bautista Agut","Tim Smyczek","1",1,3,0,82,37,18,7,1,1,1,1,8,18,NA,NA,95,6,6,6,NA,NA,61,28,39,10,8,5,8,5,1,2,NA,NA,55,2,1,1,NA,NA
"Nick Kyrgios","Benjamin Becker","1",1,3,1,54,60,46,25,34,13,71,52,6,8,5,8,133,6,6,6,7,NA,53,45,47,31,12,5,38,36,3,7,6,6,114,3,7,2,6,NA
"Benoit Paire","Frank Dancevic","1",1,3,0,57,54,43,22,24,6,58,25,3,12,22,35,117,7,6,6,NA,NA,59,47,41,20,12,3,36,14,1,4,15,32,97,6,3,4,NA,NA
"Bradley Klahn","Grigor Dimitrov","1",0,1,3,58,54,42,28,10,9,10,9,0,0,NA,NA,105,7,4,4,3,NA,57,55,43,30,14,4,14,4,4,8,NA,NA,133,6,6,6,6,NA
"Jimmy Wang","Yen-Hsun Lu","1",0,0,3,63,32,37,12,1,3,1,3,3,7,NA,NA,76,3,2,1,NA,NA,62,33,38,11,9,5,9,5,9,19,NA,NA,101,6,6,6,NA,NA
"Peter Gojowczyk","Victor Hanescu","1",0,0,3,55,44,45,22,8,6,36,59,1,6,5,7,103,6,6,3,NA,NA,66,60,34,23,9,4,24,34,2,6,10,12,121,7,7,6,NA,NA
"Milos Raonic","Daniel Gimeno-Traver","1",1,3,1,64,56,36,17,21,7,48,29,7,20,21,30,127,7,6,4,6,NA,56,43,44,25,5,5,22,33,3,6,8,12,96,6,1,6,2,NA
"Marinko Matosevic","Kei Nishikori","1",0,2,3,61,69,39,29,14,9,46,63,3,9,16,30,147,3,7,2,6,2,66,68,34,25,6,6,44,50,7,15,11,16,167,6,5,6,4,6
"Dusan Lajovic","Lucas Pouille","1",1,3,1,61,53,39,30,7,7,28,57,5,10,8,17,141,6,7,4,6,NA,61,55,39,22,2,10,41,88,4,8,23,39,126,4,6,6,3,NA
"Robin Haase","Donald Young","1",0,1,3,67,56,33,18,11,6,38,56,1,4,13,15,106,7,6,2,0,NA,73,58,27,16,0,5,34,33,2,7,29,40,124,6,7,6,1,NA
"Andreas Seppi","Lleyton Hewitt","1",1,3,2,59,72,41,40,17,5,67,59,7,18,8,11,175,7,6,5,5,7,51,76,49,38,23,5,54,61,7,13,23,40,178,6,3,7,7,5
"Ryan Harrison","Gael Monfils","1",0,0,3,62,42,38,17,2,1,19,23,0,0,13,20,76,4,4,4,NA,NA,64,43,36,18,9,5,43,27,3,4,18,22,95,6,6,6,NA,NA
"Tobias Kamke","Jack Sock","1",0,1,3,49,51,51,36,6,8,6,8,2,12,NA,NA,138,6,7,2,4,NA,50,54,50,43,16,12,16,12,4,10,NA,NA,146,7,5,6,6,NA
"Thanasi Kokkinakis","Igor Sijsling","1",1,3,1,54,55,46,36,8,9,54,45,3,5,14,23,135,7,0,7,6,NA,59,56,41,23,20,5,53,47,4,9,23,36,135,6,6,6,2,NA
"Rafael Nadal","Bernard Tomic","1",1,1,0,62,14,38,6,5,1,13,5,1,1,5,5,30,6,NA,NA,NA,NA,71,15,29,3,3,1,13,7,0,0,3,5,24,4,NA,NA,NA,NA
"Leonardo Mayer","Novak Djokovic","2",0,0,3,52,28,48,17,3,7,14,39,0,0,7,11,59,0,4,4,NA,NA,66,36,34,17,12,2,30,11,5,6,5,9,93,6,6,6,NA,NA
"Dmitry Tursunov","Denis Istomin","2",0,1,3,53,45,47,26,5,5,31,44,3,10,24,38,106,6,6,1,4,NA,54,47,46,36,14,1,46,34,5,8,14,18,127,7,4,6,6,NA
"Sam Querrey","Ernests Gulbis","2",1,3,0,72,45,28,11,19,4,30,21,5,9,6,11,88,6,6,6,NA,NA,46,23,54,21,7,4,19,41,1,3,6,11,59,2,3,4,NA,NA
"Fabio Fognini","Jarkko Nieminen","2",1,3,1,58,62,42,30,9,12,51,60,5,15,27,33,144,7,6,3,6,NA,65,57,35,23,3,5,24,37,2,16,15,24,134,5,4,6,2,NA
"Nikolay Davydenko","Richard Gasquet","2",0,0,3,77,48,23,11,6,1,39,43,4,5,9,12,97,6,4,4,NA,NA,58,41,42,21,9,5,33,37,6,11,10,15,110,7,6,6,NA,NA
"Tommy Robredo","Julien Benneteau","2",1,3,1,58,61,42,38,17,3,66,25,4,13,13,17,159,6,6,6,7,NA,62,68,38,27,14,6,64,65,1,11,42,65,138,3,7,1,6,NA
"Matthew Ebden","Vasek Pospisil","2",0,1,3,68,64,32,19,8,3,30,43,3,11,26,35,121,6,6,6,1,NA,60,59,40,31,13,3,46,47,4,5,25,39,132,3,7,7,6,NA
"Stanislas Wawrinka","Alejandro Falla","2",1,3,1,56,57,44,31,9,4,61,46,6,17,23,29,142,6,6,6,6,NA,60,56,40,25,1,3,26,37,2,7,24,39,117,3,3,7,4,NA
"Adrian Mannarino","David Ferrer","2",0,1,3,55,44,45,25,5,1,32,73,5,10,18,31,113,6,7,0,3,NA,68,56,32,18,0,4,32,48,9,17,21,22,142,7,5,6,6,NA
"Jeremy Chardy","Alexandr Dolgopolov","2",1,3,1,60,74,40,30,22,10,76,73,5,14,24,38,164,7,7,6,7,NA,71,81,29,22,15,2,43,36,4,12,19,24,160,5,6,7,6,NA
"Pablo Andujar","Jerzy Janowicz","2",0,1,3,79,71,21,20,11,1,57,28,3,11,17,26,149,6,6,6,3,NA,67,76,33,25,15,5,63,47,3,11,11,18,151,4,7,7,6,NA
"Mikhail Youzhny","Florian Mayer","2",0,2,3,55,55,45,36,14,5,48,46,3,7,14,21,126,4,6,3,6,3,60,59,40,33,19,3,48,41,4,11,29,42,136,6,3,6,3,6
"Edouard Roger-Vasselin","Guillermo Garcia-Lopez","2",1,3,1,57,49,43,28,11,2,11,2,7,17,NA,NA,130,7,6,4,6,NA,51,46,49,26,9,10,9,10,4,13,NA,NA,117,6,4,6,1,NA
"Kevin Anderson","Dominic Thiem","2",1,3,0,65,43,35,18,15,5,30,22,3,5,12,15,87,6,6,6,NA,NA,59,34,41,16,10,3,28,21,0,2,2,5,69,4,3,4,NA,NA
"Damir Dzumhur","Ivan Dodig","2",0,2,2,51,36,49,26,7,6,33,27,3,5,12,18,95,4,4,6,4,NA,55,39,45,20,13,2,37,43,3,7,12,19,91,6,6,3,1,NA
"Tomas Berdych","Kenny De Schepper","2",1,3,0,64,37,36,15,5,4,29,13,5,8,21,25,93,6,6,6,NA,NA,63,33,37,10,8,9,29,32,0,0,14,25,57,4,1,3,NA,NA
"Blaz Kavcic","Roger Federer","2",0,0,3,62,32,38,18,6,3,14,21,1,2,4,13,72,2,1,6,NA,NA,76,45,24,9,11,0,52,35,6,11,23,29,103,6,6,7,NA,NA
"Fernando Verdasco","Teymuraz Gabashvili","2",0,2,3,60,67,40,34,12,18,56,71,6,10,15,26,156,6,6,6,4,4,68,62,32,26,2,4,24,51,5,17,6,10,146,7,3,2,6,6
"Marin Cilic","Gilles Simon","2",0,2,3,50,50,50,32,15,7,15,7,7,15,NA,NA,156,6,6,7,1,2,49,65,51,41,7,8,7,8,10,12,NA,NA,171,4,7,6,6,6
"Jo-Wilfried Tsonga","Thomaz Bellucci","2",1,3,0,64,51,36,18,14,6,47,28,3,9,16,24,110,7,6,6,NA,NA,45,31,55,34,9,5,19,29,1,4,13,18,88,6,4,4,NA,NA
"Blaz Rola","Martin Klizan","2",0,1,3,63,66,37,24,12,8,12,8,3,4,NA,NA,123,4,3,7,6,NA,58,49,42,34,16,5,16,5,5,14,NA,NA,139,6,6,5,7,NA
"Stephane Robert","Michal Przysiezny","2",1,3,1,58,56,42,30,13,8,43,28,6,17,13,15,143,7,6,6,6,NA,58,50,42,24,12,6,46,63,2,7,22,36,112,6,1,7,1,NA
"Michael Berrer","Feliciano Lopez","2",0,0,3,68,47,32,17,6,3,29,25,2,4,37,61,93,4,6,4,NA,NA,62,45,38,23,8,3,43,24,4,11,17,21,108,6,7,6,NA,NA
"Andy Murray","Vincent Millot","2",1,3,0,59,35,41,17,5,5,25,31,8,17,7,7,106,6,6,7,NA,NA,55,25,45,20,2,7,22,55,3,4,12,20,68,2,2,5,NA,NA
"Roberto Bautista Agut","Juan Martin Del Potro","2",1,3,2,69,88,31,23,12,6,72,59,5,8,20,28,162,4,6,5,6,7,72,76,28,21,28,2,53,41,4,17,13,25,152,6,3,7,4,5
"Benoit Paire","Nick Kyrgios","2",1,3,2,50,68,50,47,32,5,78,45,7,24,28,32,188,6,6,6,6,6,66,86,34,27,24,11,59,74,2,10,21,35,159,7,7,4,2,2
"Yen-Hsun Lu","Grigor Dimitrov","2",0,0,3,70,47,30,19,2,2,23,46,2,4,13,18,95,3,3,6,NA,NA,59,49,41,18,15,7,36,35,5,21,5,9,117,6,6,7,NA,NA
"Milos Raonic","Victor Hanescu","2",1,3,0,64,57,36,23,27,2,63,36,2,6,17,25,116,7,6,6,NA,NA,67,55,33,22,6,1,23,23,0,5,7,10,101,6,4,4,NA,NA
"Dusan Lajovic","Kei Nishikori","2",0,0,3,70,37,30,8,7,3,17,49,1,5,4,7,68,1,1,6,NA,NA,64,43,36,15,5,3,30,27,6,12,10,14,104,6,6,7,NA,NA
"Andreas Seppi","Donald Young","2",0,2,3,57,57,43,33,12,10,47,65,6,18,9,15,165,4,6,3,6,5,61,71,39,29,6,15,47,78,6,15,31,48,158,6,2,6,4,7
"Jack Sock","Gael Monfils","2",0,0,3,58,48,42,23,5,9,34,37,1,1,16,29,92,6,5,2,NA,NA,62,47,38,23,13,3,39,30,4,11,20,26,117,7,7,6,NA,NA
"Rafael Nadal","Thanasi Kokkinakis","2",1,3,0,74,45,26,11,7,1,39,19,5,10,11,14,91,6,6,6,NA,NA,67,33,33,10,4,3,21,24,0,3,8,10,61,2,4,2,NA,NA
"Denis Istomin","Novak Djokovic","3",0,0,3,65,41,35,10,5,1,14,26,1,1,3,9,71,3,3,5,NA,NA,63,38,37,20,6,1,31,23,5,8,16,21,93,6,6,7,NA,NA
"Fabio Fognini","Sam Querrey","3",1,3,0,60,41,40,26,9,3,43,26,4,10,7,11,108,7,6,6,NA,NA,63,43,37,19,10,1,27,41,1,4,11,23,86,5,4,4,NA,NA
"Tommy Robredo","Richard Gasquet","3",1,3,1,65,70,35,21,16,3,51,38,3,7,18,25,140,2,7,6,7,NA,62,61,38,28,4,5,62,34,3,9,44,57,137,6,5,4,6,NA
"Jeremy Chardy","David Ferrer","3",0,0,3,58,44,42,17,8,8,30,51,1,3,17,27,87,2,6,2,NA,NA,72,44,28,17,2,1,22,24,5,11,10,12,111,6,7,6,NA,NA
"Florian Mayer","Jerzy Janowicz","3",1,3,0,68,42,32,15,17,0,38,7,5,11,12,13,98,7,6,6,NA,NA,53,34,47,18,3,7,34,44,0,1,11,15,63,5,2,2,NA,NA
"Kevin Anderson","Edouard Roger-Vasselin","3",1,3,2,67,77,33,26,27,6,82,69,3,12,22,30,164,3,4,6,7,7,74,94,26,20,8,4,43,34,3,7,17,29,162,6,6,3,6,5
"Tomas Berdych","Damir Dzumhur","3",1,3,0,57,37,43,19,13,1,32,26,5,9,13,18,93,6,6,6,NA,NA,44,25,56,17,5,6,21,34,0,2,5,9,58,4,2,2,NA,NA
"Teymuraz Gabashvili","Roger Federer","3",0,0,3,69,38,31,10,3,5,27,33,0,5,7,19,66,2,2,3,NA,NA,62,39,38,16,6,1,35,18,5,14,11,20,98,6,6,6,NA,NA
"Jo-Wilfried Tsonga","Gilles Simon","3",1,3,0,66,49,34,20,17,0,40,29,3,6,20,27,94,7,6,6,NA,NA,53,34,47,22,7,3,21,25,0,3,23,28,79,6,4,2,NA,NA
"Stephane Robert","Martin Klizan","3",1,3,0,72,54,28,11,7,5,35,23,4,10,14,17,105,6,7,6,NA,NA,53,32,47,21,6,4,36,38,0,3,18,29,75,0,6,4,NA,NA
"Andy Murray","Feliciano Lopez","3",1,3,0,64,50,36,16,6,2,29,30,4,11,11,18,106,7,6,6,NA,NA,57,39,43,20,8,7,31,44,1,1,26,37,84,6,4,2,NA,NA
"Benoit Paire","Roberto Bautista Agut","3",0,0,3,58,30,42,10,13,3,31,59,2,7,11,22,65,2,1,4,NA,NA,83,46,17,7,4,1,21,23,7,20,11,14,96,6,6,6,NA,NA
"Milos Raonic","Grigor Dimitrov","3",0,1,3,59,55,41,30,21,5,50,39,1,3,22,53,107,3,6,4,6,NA,60,55,40,33,15,5,49,13,2,4,12,15,128,6,3,6,7,NA
"Donald Young","Kei Nishikori","3",0,0,3,64,23,36,7,1,5,17,32,1,4,15,30,56,5,1,0,NA,NA,54,29,46,21,3,1,30,27,8,12,3,7,93,7,6,6,NA,NA
"Rafael Nadal","Gael Monfils","3",1,3,0,67,38,33,20,2,0,21,18,6,12,9,13,107,6,6,6,NA,NA,69,39,31,10,10,5,33,57,0,6,4,9,70,1,2,3,NA,NA
"Fabio Fognini","Novak Djokovic","4",0,0,3,59,32,41,13,3,7,20,44,0,0,11,16,55,3,0,2,NA,NA,72,38,28,12,7,2,33,21,6,22,12,16,96,6,6,6,NA,NA
"Stanislas Wawrinka","Tommy Robredo","4",1,3,0,56,54,44,24,14,3,57,37,2,5,17,25,118,6,7,7,NA,NA,71,53,29,14,1,0,24,22,1,4,13,16,96,3,6,6,NA,NA
"Florian Mayer","David Ferrer","4",0,1,3,61,52,39,27,4,3,33,49,3,11,29,56,118,7,5,2,1,NA,63,55,37,24,3,1,64,43,9,19,19,27,153,6,7,6,6,NA
"Tomas Berdych","Kevin Anderson","4",1,3,0,52,33,48,21,4,3,38,17,5,17,15,18,92,6,6,6,NA,NA,72,40,28,9,16,1,31,30,0,0,6,19,66,2,2,3,NA,NA
"Jo-Wilfried Tsonga","Roger Federer","4",0,0,3,52,32,48,23,8,1,29,28,0,1,11,25,72,3,5,4,NA,NA,57,42,43,25,7,1,43,21,3,7,34,41,100,6,7,6,NA,NA
"Andy Murray","Stephane Robert","4",1,3,1,62,59,38,25,8,3,48,47,7,14,16,24,137,6,6,6,6,NA,51,39,49,22,3,8,33,56,1,6,20,31,103,1,2,7,2,NA
"Grigor Dimitrov","Roberto Bautista Agut","4",1,3,1,60,57,40,21,11,3,38,34,4,5,23,35,114,6,3,6,6,NA,64,44,36,22,5,1,27,45,1,5,13,23,100,3,6,2,4,NA
"Rafael Nadal","Kei Nishikori","4",1,3,0,71,67,29,14,12,1,36,28,5,8,10,19,129,7,7,7,NA,NA,66,51,34,16,2,1,36,51,4,10,20,25,110,6,5,6,NA,NA
"Stanislas Wawrinka","Novak Djokovic","5",1,3,2,58,71,42,36,17,5,51,60,5,10,20,30,153,2,6,6,3,9,73,75,27,23,7,1,45,60,4,7,26,35,161,6,4,2,6,7
"Tomas Berdych","David Ferrer","5",1,3,1,52,52,48,27,10,4,43,62,5,13,18,28,128,6,6,2,6,NA,61,46,39,23,2,1,30,46,3,12,12,13,119,1,4,6,4,NA
"Andy Murray","Roger Federer","5",0,1,3,61,60,39,28,9,1,41,46,1,2,17,27,121,3,4,7,3,NA,64,61,36,28,10,0,54,42,4,17,49,66,147,6,6,6,6,NA
"Rafael Nadal","Grigor Dimitrov","5",1,3,1,73,66,27,22,3,7,42,47,4,11,32,36,147,3,7,7,6,NA,58,64,42,32,16,5,54,61,3,6,28,41,132,6,6,6,2,NA
"Tomas Berdych","Stanislas Wawrinka","6",0,1,3,62,71,38,30,21,7,60,49,0,1,23,31,142,3,7,6,6,NA,61,72,39,32,18,4,57,49,1,4,14,18,143,6,6,7,7,NA
"Rafael Nadal","Roger Federer","6",1,3,0,65,41,35,22,3,1,28,25,4,14,3,10,105,7,6,6,NA,NA,66,45,34,18,8,1,34,50,1,2,23,42,86,6,3,3,NA,NA
"Rafael Nadal","Stanislas Wawrinka","7",0,1,3,78,50,22,10,1,3,19,32,2,6,5,8,88,3,2,6,3,NA,55,46,45,22,19,2,53,49,5,15,11,12,116,6,6,3,6,NA
"B.Becker","A.Murray","1",0,0,3,59,29,41,14,5,1,26,18,5,1,28,19,NA,4,3,2,NA,NA,57,39,43,20,11,2,38,16,10,5,23,17,NA,6,6,6,NA,NA
"J.Ward","Y-H.Lu","1",0,1,3,62,77,38,35,18,4,60,28,13,1,27,19,NA,7,4,6,6,NA,67,85,33,31,12,3,57,32,15,2,46,39,NA,6,6,7,7,NA
"N.Mahut","J.Hajek","1",1,3,0,72,44,28,10,17,3,41,18,8,5,26,17,NA,6,6,6,NA,NA,70,34,30,14,4,0,24,13,1,0,19,12,NA,2,4,3,NA,NA
"T.Robredo","A.Bogomolov Jr.","1",1,3,0,77,40,23,12,6,0,25,11,14,5,14,11,NA,6,6,6,NA,NA,79,35,21,8,1,4,16,27,0,0,22,13,NA,2,2,4,NA,NA
"R.Haase","M.Youzhny","1",0,0,3,68,61,32,15,7,2,32,29,2,0,29,20,NA,4,5,5,NA,NA,67,53,33,17,9,3,40,26,21,3,44,30,NA,6,7,7,NA,NA
"M.Gicquel","V.Pospisil","1",0,0,3,59,41,41,27,7,6,22,28,6,1,11,6,NA,3,2,6,NA,NA,70,56,30,11,25,3,53,30,12,4,33,26,NA,6,6,7,NA,NA
"A.Kuznetsov","A.Montanes","1",1,3,1,63,56,37,21,21,3,56,32,16,4,21,15,NA,6,6,3,6,NA,73,59,27,14,7,8,33,28,9,2,11,10,NA,3,4,6,3,NA
"J.Tipsarevic","V.Troicki","1",0,0,3,61,47,39,21,3,1,28,16,4,0,33,24,NA,3,4,6,NA,NA,71,55,29,16,15,2,40,26,10,2,38,27,NA,6,6,7,NA,NA
"M.Baghdatis","M.Cilic","1",0,0,3,61,31,39,16,4,5,20,18,1,1,14,9,NA,3,4,4,NA,NA,70,45,30,16,16,2,41,19,6,4,11,8,NA,6,6,6,NA,NA
"K.De Schepper","P.Lorenzi","1",1,3,0,67,56,33,21,22,6,61,29,8,3,47,35,NA,7,6,6,NA,NA,54,40,46,22,4,2,22,15,6,0,23,15,NA,6,4,2,NA,NA
"L.Lacko","R.Ram","1",0,1,3,64,66,36,18,13,2,55,40,3,1,22,15,NA,5,4,7,2,NA,67,64,33,23,16,0,52,21,16,5,50,32,NA,7,6,6,6,NA
"J.Monaco","B.Knittel","1",1,3,0,78,46,22,9,6,2,19,20,14,6,9,7,NA,6,6,6,NA,NA,58,33,42,17,4,12,17,44,1,1,21,14,NA,4,2,3,NA,NA
"T.Kamke","J.Benneteau","1",0,1,3,69,60,31,14,3,2,33,33,7,2,34,25,NA,4,7,4,2,NA,63,65,37,26,12,6,60,27,12,6,61,44,NA,6,6,6,6,NA
"F.Verdasco","X.Malisse","1",1,3,1,63,58,37,21,20,7,64,29,11,6,25,18,NA,6,6,6,6,NA,63,48,37,24,7,1,23,34,2,1,27,14,NA,7,1,4,3,NA
"E.Roger-Vasselin","E.Gulbis","1",0,0,3,66,48,34,21,5,5,42,30,11,2,49,29,NA,6,4,5,NA,NA,65,59,35,20,20,6,55,36,8,4,26,17,NA,7,6,7,NA,NA
"J-W.Tsonga","D.Goffin","1",1,3,0,68,54,32,15,18,2,47,13,6,3,48,32,NA,7,6,6,NA,NA,71,46,29,19,2,3,40,10,1,0,36,26,NA,6,4,3,NA,NA
"V.Hanescu","R.Federer","1",0,0,3,85,26,15,3,3,1,14,13,0,0,22,8,NA,3,2,0,NA,NA,70,35,30,14,7,0,32,6,8,6,25,21,NA,6,6,6,NA,NA
"R.Dutra Silva","S.Stakhovsky","1",0,0,3,54,27,46,17,1,3,17,22,2,0,21,11,NA,4,0,4,NA,NA,62,38,38,20,7,2,29,15,8,5,41,29,NA,6,6,6,NA,NA
"J.Reister","L.Rosol","1",1,3,2,68,102,32,27,22,10,55,44,19,4,34,22,NA,6,4,7,6,6,59,81,41,39,20,13,95,74,17,3,59,42,NA,3,6,6,7,4
"F.Fognini","J.Melzer","1",0,1,3,66,52,34,21,3,2,49,33,12,4,37,24,NA,7,5,3,2,NA,69,62,31,22,8,3,45,29,15,8,82,50,NA,6,7,6,6,NA
"K.Edmund","J.Janowicz","1",0,0,3,71,39,29,10,4,3,17,12,4,0,11,9,NA,2,2,4,NA,NA,68,40,32,17,11,4,39,17,21,5,17,11,NA,6,6,6,NA,NA
"R.Stepanek","M.Reid","1",1,3,0,66,37,34,17,8,1,35,19,12,5,43,33,NA,6,6,6,NA,NA,60,34,40,12,12,7,29,30,2,0,21,10,NA,2,2,4,NA,NA
"M.Matosevic","G.Rufin","1",0,1,3,53,43,47,22,6,3,29,36,12,4,31,17,NA,1,6,4,3,NA,47,42,53,26,6,9,29,47,14,8,34,20,NA,6,4,6,6,NA
"N.Almagro","J.Zopp","1",1,3,0,55,43,45,29,11,4,36,14,10,2,21,18,NA,6,7,7,NA,NA,52,51,48,27,11,11,34,36,0,0,26,14,NA,4,6,5,NA,NA
"L.Hewitt","S.Wawrinka","1",1,3,0,57,37,43,26,5,1,32,11,15,6,31,20,NA,6,7,6,NA,NA,60,41,40,20,12,2,44,37,10,2,21,13,NA,4,5,3,NA,NA
"D.Brown","G.Garcia-Lopez","1",1,3,0,75,47,25,12,9,2,46,21,7,4,41,29,NA,6,6,6,NA,NA,67,32,33,10,4,4,23,13,3,0,13,9,NA,3,3,3,NA,NA
"P.Andujar","A.Mannarino","1",0,0,3,60,32,40,12,1,3,15,20,0,0,15,11,NA,1,2,3,NA,NA,63,31,37,17,6,0,34,14,13,6,31,23,NA,6,6,6,NA,NA
"J.Isner","E.Donskoy","1",1,3,0,75,55,25,19,22,1,40,20,4,2,24,16,NA,6,7,7,NA,NA,65,47,35,15,4,4,27,20,0,0,18,13,NA,1,6,6,NA,NA
"A.Ungur","B.Paire","1",0,1,3,59,43,41,25,2,5,26,21,2,2,25,14,NA,4,6,3,1,NA,63,51,37,18,26,3,64,21,13,6,33,21,NA,6,4,6,6,NA
"S.Robert","A.Falla","1",1,3,0,68,50,32,13,5,4,37,30,15,7,24,18,NA,6,7,7,NA,NA,57,41,43,22,1,6,28,42,9,5,30,16,NA,3,6,5,NA,NA
"L.Kubot","I.Andreev","1",1,3,0,60,34,40,16,11,6,43,18,11,7,37,28,NA,6,7,6,NA,NA,69,28,31,9,5,2,20,21,3,2,9,4,NA,1,5,2,NA,NA
"R.Nadal","S.Darcis","1",0,0,3,67,52,33,21,6,3,32,24,7,2,36,28,NA,6,6,4,NA,NA,60,53,40,28,13,2,53,24,11,3,46,32,NA,7,7,6,NA,NA
"A.Ramos","J.Del Potro","1",0,0,3,58,30,42,8,7,4,29,23,6,1,16,9,NA,2,5,1,NA,NA,73,45,27,12,10,1,34,10,8,6,11,9,NA,6,7,6,NA,NA
"G.Pella","J.Levine","1",0,2,3,65,58,35,26,15,3,50,33,19,4,30,22,NA,4,2,6,6,3,63,63,37,29,18,10,61,53,8,5,46,34,NA,6,6,4,3,4
"G.Zemlja","M.Russell","1",1,3,1,68,67,32,20,18,5,68,33,10,6,44,31,NA,6,6,6,6,NA,66,60,34,17,10,5,38,36,11,2,30,20,NA,7,4,4,1,NA
"G.Dimitrov","S.Bolelli","1",1,3,0,73,43,27,10,15,2,26,9,11,5,16,12,NA,6,6,6,NA,NA,59,34,41,13,4,2,20,28,0,0,12,5,NA,1,4,3,NA,NA
"D.Istomin","A.Seppi","1",0,2,3,62,78,38,32,17,2,60,40,7,3,23,14,NA,6,6,7,6,3,61,84,39,36,13,5,47,49,5,2,26,17,NA,7,7,5,3,6
"M.Llodra","J.Nieminen","1",1,3,0,62,43,38,21,17,4,43,15,6,3,47,32,NA,7,6,6,NA,NA,65,44,35,18,3,3,24,14,1,1,15,9,NA,6,4,3,NA,NA
"L.Mayer","A.Bedene","1",1,3,0,63,47,37,20,13,4,41,33,7,4,24,16,NA,6,6,6,NA,NA,60,34,40,16,7,3,19,30,6,0,10,5,NA,2,3,4,NA,NA
"K.Nishikori","M.Ebden","1",1,3,0,67,37,33,19,1,2,32,14,11,6,26,17,NA,6,6,6,NA,NA,61,39,39,12,8,6,20,25,2,1,23,15,NA,2,4,3,NA,NA
"I.Dodig","P.Kohlschreiber","1",1,3,2,65,84,35,25,20,8,69,30,12,2,54,36,NA,4,6,7,6,2,57,75,43,37,14,3,60,34,6,1,39,23,NA,6,7,6,3,1
"J.Duckworth","D.Kudla","1",0,2,3,58,63,42,20,19,5,53,44,17,4,47,32,NA,4,2,6,6,1,61,63,39,35,5,3,44,31,15,7,47,31,NA,6,6,3,4,6
"A.Kuznetsov","I.Sijsling","1",0,0,3,61,39,39,11,8,1,39,18,6,0,17,12,NA,3,4,4,NA,NA,60,49,40,21,12,9,39,17,4,3,26,16,NA,6,6,6,NA,NA
"M.Raonic","C.Berlocq","1",1,3,0,71,45,29,13,19,5,54,18,12,4,27,17,NA,6,6,6,NA,NA,64,42,36,18,4,2,23,13,1,0,25,16,NA,4,3,3,NA,NA
"G.Elias","A.Dolgopolov","1",0,0,3,43,22,57,26,0,6,14,20,2,1,22,12,NA,1,6,2,NA,NA,64,38,36,19,7,0,38,17,10,5,42,27,NA,6,7,6,NA,NA
"H.Zeballos","S.Giraldo","1",0,2,3,61,66,39,37,17,6,66,55,9,2,46,28,NA,6,6,7,1,3,73,76,27,30,13,0,47,39,9,5,27,15,NA,3,7,6,6,6
"R.Bautista Agut","T.Gabashvili","1",1,3,0,75,63,25,16,6,1,31,25,10,4,20,15,NA,6,6,7,NA,NA,58,40,42,21,5,5,38,52,8,2,26,16,NA,3,4,6,NA,NA
"D.Ferrer","M.Alund","1",1,3,1,68,57,32,15,7,6,31,22,12,6,30,26,NA,6,4,7,6,NA,74,53,26,13,8,2,28,23,3,2,23,14,NA,1,6,5,2,NA
"M.Klizan","T.Berdych","1",0,0,3,64,38,36,18,5,6,28,24,3,0,24,11,NA,3,4,4,NA,NA,62,47,38,17,6,1,31,14,9,3,26,20,NA,6,6,6,NA,NA
"D.Brands","D.Gimeno-Traver","1",1,3,2,65,90,35,38,19,3,59,41,8,3,46,30,NA,7,6,6,6,6,69,93,31,27,20,3,64,37,4,0,18,10,NA,6,7,7,1,4
"P.Petzschner","M.Przysiezny","1",0,0,3,65,31,35,11,3,0,19,26,4,1,26,14,NA,3,6,0,NA,NA,56,41,44,21,4,2,29,20,8,5,27,22,NA,6,7,6,NA,NA
"K.Anderson","O.Rochus","1",1,3,0,72,39,28,14,28,2,68,19,10,5,16,9,NA,6,6,6,NA,NA,62,30,38,17,0,0,17,14,0,0,4,1,NA,4,2,1,NA,NA
"B.Tomic","S.Querrey","1",1,3,2,78,86,22,20,11,2,45,30,8,2,21,10,NA,7,7,3,2,6,64,81,36,28,36,5,79,43,13,4,42,29,NA,6,6,6,6,3
"J.Blake","T.De Bakker","1",1,3,0,52,30,48,20,7,1,31,7,17,6,31,22,NA,6,6,6,NA,NA,64,30,36,14,7,3,23,17,1,0,23,10,NA,1,3,2,NA,NA
"A.Haider-Maurer","G.Soeda","1",0,0,3,56,43,44,18,8,6,35,29,2,2,26,16,NA,6,5,1,NA,NA,55,39,45,25,9,2,31,14,9,5,21,14,NA,7,7,6,NA,NA
"R.Gasquet","M.Granollers","1",1,3,1,65,65,35,22,8,1,60,28,16,5,46,31,NA,6,6,7,6,NA,72,73,28,15,11,3,48,29,5,2,75,50,NA,7,4,5,4,NA
"D.Tursunov","T.Haas","1",0,0,3,56,37,44,24,5,4,29,13,4,0,22,14,NA,3,5,5,NA,NA,64,56,36,18,17,3,45,13,6,3,19,14,NA,6,7,7,NA,NA
"W.Odesnik","Y-T.Wang","1",0,2,3,70,73,30,28,6,2,52,60,12,8,35,21,NA,6,6,2,6,5,69,69,31,22,9,2,50,59,25,9,52,35,NA,7,4,6,3,7
"R.Berankis","P-H.Mathieu","1",0,1,3,52,73,48,36,19,10,67,38,8,1,35,23,NA,6,5,7,4,NA,61,73,39,30,26,4,68,25,10,3,35,29,NA,7,7,6,6,NA
"G.Simon","F.Lopez","1",0,0,3,60,49,40,27,5,6,40,26,0,0,56,36,NA,2,4,6,NA,NA,71,55,29,17,21,2,42,12,10,3,44,31,NA,6,6,7,NA,NA
"R.Harrison","J.Chardy","1",0,1,3,65,70,35,30,18,2,43,17,3,1,49,26,NA,6,6,5,2,NA,66,66,34,22,10,6,60,30,17,3,63,43,NA,7,4,7,6,NA
"B.Kavcic","J.Struff","1",0,0,3,58,40,42,12,7,1,16,19,9,0,5,3,NA,4,1,3,NA,NA,59,38,41,22,20,3,53,25,14,5,17,11,NA,6,6,6,NA,NA
"B.Reynolds","S.Johnson","1",1,3,2,62,68,38,38,22,1,52,32,16,3,45,26,NA,1,7,6,6,6,55,76,45,39,25,8,76,55,11,2,36,26,NA,6,6,3,7,4
"N.Djokovic","F.Mayer","1",1,3,0,63,41,37,26,5,NA,40,20,11,3,26,20,NA,6,7,6,NA,NA,60,46,40,20,3,NA,25,12,3,0,29,19,NA,3,5,4,NA,NA
"Y-H.Lu","A.Murray","2",0,0,3,66,49,34,13,1,5,29,27,3,0,39,25,NA,3,3,5,NA,NA,63,44,37,20,11,1,41,14,15,4,23,19,NA,6,6,7,NA,NA
"T.Robredo","N.Mahut","2",1,3,0,63,52,37,28,9,3,38,9,5,2,15,10,NA,7,6,7,NA,NA,65,48,35,18,17,3,39,19,2,0,54,31,NA,6,1,6,NA,NA
"V.Pospisil","M.Youzhny","2",0,2,3,63,83,37,25,26,2,66,27,7,2,61,39,NA,2,7,6,6,4,64,76,36,39,8,2,53,20,7,4,46,32,NA,6,6,7,3,6
"V.Troicki","A.Kuznetsov","2",1,3,0,63,43,37,16,15,4,30,17,12,4,22,16,NA,6,6,6,NA,NA,65,34,35,15,3,3,26,22,1,1,21,13,NA,4,3,4,NA,NA
"J.Monaco","R.Ram","2",1,3,1,68,54,32,24,7,0,53,10,14,5,19,15,NA,5,6,6,6,NA,77,68,23,11,10,3,35,21,3,1,70,33,NA,7,2,4,2,NA
"F.Verdasco","J.Benneteau","2",1,3,0,55,48,45,27,15,4,53,16,9,2,25,15,NA,7,7,6,NA,NA,62,55,38,24,7,3,25,16,2,1,39,25,NA,6,6,4,NA,NA
"J-W.Tsonga","E.Gulbis","2",0,1,2,68,40,32,13,9,5,19,14,10,2,38,22,NA,6,3,3,NA,NA,61,40,39,17,12,8,45,24,8,3,25,16,NA,3,6,6,NA,NA
"S.Stakhovsky","R.Federer","2",1,3,1,66,83,34,36,17,2,72,17,7,2,96,61,NA,6,7,7,7,NA,72,91,28,24,16,1,57,13,8,1,54,35,NA,7,6,5,6,NA
"J.Melzer","J.Reister","2",1,3,1,64,60,36,33,12,1,56,28,12,2,71,49,NA,3,7,7,6,NA,70,68,30,27,10,5,42,21,9,1,39,23,NA,6,6,6,2,NA
"N.Almagro","G.Rufin","2",1,3,1,69,71,31,20,21,4,55,17,10,5,29,24,NA,7,6,6,6,NA,63,63,37,18,17,6,48,30,3,2,51,33,NA,5,7,3,4,NA
"D.Brown","L.Hewitt","2",1,3,1,64,71,36,25,21,5,74,22,6,5,87,48,NA,6,6,6,6,NA,55,52,45,29,12,4,42,13,10,1,34,15,NA,4,4,7,2,NA
"S.Robert","B.Paire","2",0,0,3,61,42,39,23,4,4,29,27,4,0,30,20,NA,4,5,4,NA,NA,57,49,43,23,12,2,39,27,6,3,41,26,NA,6,7,6,NA,NA
"J.Levine","J.Del Potro","2",0,0,3,61,41,39,16,13,7,38,29,3,1,41,26,NA,2,6,3,NA,NA,69,46,31,16,13,0,37,13,11,4,10,6,NA,6,7,6,NA,NA
"G.Dimitrov","G.Zemlja","2",0,2,3,68,92,32,33,21,5,56,31,17,2,40,31,NA,6,6,6,4,8,56,79,44,47,18,5,51,32,6,1,38,27,NA,3,7,3,6,9
"K.Nishikori","L.Mayer","2",1,3,0,67,51,33,19,2,5,29,20,12,5,15,9,NA,7,6,6,NA,NA,65,44,35,15,5,5,27,28,5,2,32,19,NA,6,4,2,NA,NA
"D.Kudla","I.Dodig","2",0,0,3,57,39,43,24,3,5,26,22,7,2,40,26,NA,1,6,5,NA,NA,61,55,39,22,24,4,48,20,13,5,28,20,NA,6,7,7,NA,NA
"M.Raonic","I.Sijsling","2",0,0,3,68,57,32,17,22,4,48,24,4,0,22,14,NA,5,4,6,NA,NA,67,52,33,23,17,2,40,7,5,2,24,20,NA,7,6,7,NA,NA
"D.Brands","T.Berdych","2",0,0,3,75,53,25,11,19,1,33,10,1,1,20,13,NA,6,4,2,NA,NA,58,40,42,26,15,1,55,10,11,4,29,20,NA,7,6,6,NA,NA
"K.Anderson","M.Przysiezny","2",1,3,0,69,49,31,18,15,2,33,10,6,3,27,18,NA,6,7,6,NA,NA,60,42,40,21,6,4,28,20,1,1,22,16,NA,4,6,4,NA,NA
"J.Blake","B.Tomic","2",0,0,3,59,37,41,16,11,4,38,21,5,2,24,18,NA,3,4,5,NA,NA,72,54,28,13,4,0,33,12,8,5,19,15,NA,6,6,7,NA,NA
"R.Gasquet","G.Soeda","2",1,3,1,57,47,43,23,11,5,54,21,18,9,28,22,NA,6,6,6,6,NA,56,45,44,20,2,3,34,31,6,4,44,29,NA,0,3,7,3,NA
"J.Struff","J.Chardy","2",1,2,1,55,36,45,17,7,3,20,15,2,1,10,6,NA,2,7,2,NA,NA,59,28,41,16,9,3,30,7,7,2,16,9,NA,6,5,1,NA,NA
"N.Djokovic","B.Reynolds","2",1,3,0,59,39,41,22,12,0,41,12,18,4,20,14,NA,7,6,6,NA,NA,68,53,32,15,8,5,25,19,0,0,21,15,NA,6,3,1,NA,NA
"T.Robredo","A.Murray","3",0,0,3,67,47,33,12,6,1,34,25,3,1,29,21,NA,2,4,5,NA,NA,65,44,35,16,9,0,40,14,7,5,28,20,NA,6,6,7,NA,NA
"J.Melzer","S.Stakhovsky","3",1,3,1,67,51,33,19,9,0,47,16,7,6,39,25,NA,6,2,7,6,NA,62,45,38,21,14,6,44,20,9,3,65,38,NA,2,6,5,3,NA
"N.Almagro","J.Janowicz","3",0,0,3,72,58,28,8,18,3,32,18,1,1,19,9,NA,6,3,4,NA,NA,69,52,31,16,30,3,59,15,5,3,15,14,NA,7,6,6,NA,NA
"A.Mannarino","D.Brown","3",1,3,0,65,44,35,20,16,2,40,10,12,4,28,14,NA,6,6,7,NA,NA,58,42,42,16,11,3,34,20,5,0,61,29,NA,4,2,5,NA,NA
"G.Zemlja","J.Del Potro","3",0,0,3,67,53,33,11,14,5,44,27,0,0,21,13,NA,5,6,0,NA,NA,61,47,39,20,10,4,29,12,9,4,13,7,NA,7,7,6,NA,NA
"K.Nishikori","A.Seppi","3",0,2,3,69,63,31,23,3,6,44,45,11,3,30,23,NA,6,2,7,1,4,60,65,40,34,9,1,44,28,12,6,32,26,NA,3,6,6,6,6
"I.Sijsling","I.Dodig","3",0,0,3,62,12,38,4,3,0,8,10,0,0,14,4,NA,0,1,0,NA,NA,47,12,53,17,5,1,21,6,9,6,6,5,NA,6,6,1,NA,NA
"D.Ferrer","A.Dolgopolov","3",1,3,2,70,76,30,22,6,8,34,39,24,7,50,34,NA,6,7,2,6,6,59,76,41,33,15,2,56,34,9,5,53,35,NA,7,6,6,1,2
"K.Anderson","T.Berdych","3",0,1,3,60,53,40,25,19,3,45,12,14,3,29,16,NA,6,3,4,5,NA,53,54,47,27,11,5,50,19,18,5,34,24,NA,3,6,6,7,NA
"R.Gasquet","B.Tomic","3",0,1,3,69,83,31,27,15,3,73,25,8,1,64,51,NA,6,7,5,6,NA,81,101,19,15,19,1,60,23,7,1,34,25,NA,7,5,7,7,NA
"F.Lopez","T.Haas","3",0,1,3,54,48,46,30,14,3,42,25,10,2,38,24,NA,6,2,5,4,NA,76,63,24,18,18,2,43,22,10,5,38,24,NA,4,6,7,6,NA
"N.Djokovic","J.Chardy","3",1,3,0,74,40,26,12,8,1,38,3,16,5,21,18,NA,6,6,6,NA,NA,66,32,34,15,6,4,18,14,0,0,23,12,NA,3,2,2,NA,NA
"M.Youzhny","A.Murray","4",0,0,3,61,36,39,16,1,1,33,20,5,2,55,39,NA,4,6,1,NA,NA,63,55,37,16,15,4,45,16,10,5,42,31,NA,6,7,6,NA,NA
"F.Verdasco","K.De Schepper","4",1,3,0,64,42,36,18,9,4,42,13,14,4,21,13,NA,6,6,6,NA,NA,67,43,33,15,9,3,26,12,2,1,51,31,NA,4,4,4,NA,NA
"J.Janowicz","J.Melzer","4",1,3,2,57,68,43,36,16,8,54,26,9,3,42,28,NA,3,7,6,4,6,71,76,29,28,11,3,57,19,12,3,50,32,NA,6,6,4,6,4
"L.Kubot","A.Mannarino","4",1,3,2,67,72,33,25,26,7,62,34,16,3,87,56,NA,4,6,3,6,6,59,69,41,35,13,3,51,24,5,2,39,24,NA,6,3,6,3,4
"A.Seppi","J.Del Potro","4",0,0,3,59,47,41,18,5,4,36,20,2,0,27,21,NA,4,6,3,NA,NA,72,55,28,18,9,1,36,15,11,2,28,15,NA,6,7,6,NA,NA
"D.Ferrer","I.Dodig","4",1,3,1,66,62,34,29,7,3,53,25,15,5,46,31,NA,6,7,6,6,NA,66,64,34,25,14,3,47,32,6,0,54,30,NA,7,6,1,1,NA
"B.Tomic","T.Berdych","4",0,1,3,71,82,29,22,19,2,43,31,7,1,24,12,NA,6,7,4,4,NA,58,68,42,30,24,5,68,42,15,3,48,30,NA,7,6,6,6,NA
"N.Djokovic","T.Haas","4",1,3,0,65,44,35,17,13,3,40,16,13,6,22,15,NA,6,6,7,NA,NA,73,43,27,14,4,2,25,26,7,2,35,16,NA,1,4,6,NA,NA
"F.Verdasco","A.Murray","5",0,2,3,59,63,41,29,11,9,45,45,7,3,45,26,NA,6,6,1,4,5,69,72,31,23,14,3,36,27,11,5,31,22,NA,4,3,6,6,7
"L.Kubot","J.Janowicz","5",0,0,3,57,44,43,20,9,3,32,11,6,0,54,30,NA,5,4,4,NA,NA,68,63,32,12,30,9,58,14,10,3,16,12,NA,7,6,6,NA,NA
"D.Ferrer","J.Del Potro","5",0,0,3,68,45,32,17,8,2,41,22,2,0,31,25,NA,2,4,6,NA,NA,72,55,28,11,12,0,42,11,8,3,21,17,NA,6,6,7,NA,NA
"N.Djokovic","T.Berdych","5",1,3,0,61,42,39,21,16,1,36,13,10,4,17,11,NA,7,6,6,NA,NA,53,33,47,27,6,4,31,25,2,2,31,21,NA,6,4,3,NA,NA
"J.Janowicz","A.Murray","6",0,1,3,55,54,45,27,9,11,43,43,7,1,51,32,NA,7,4,4,3,NA,70,60,30,24,20,1,49,15,13,5,36,22,NA,6,6,6,6,NA
"N.Djokovic","J.Del Potro","6",1,3,2,69,102,31,21,22,2,80,48,15,3,56,42,NA,7,4,7,6,6,60,82,40,42,4,4,48,37,7,2,37,25,NA,5,6,6,7,3
"N.Djokovic","A.Murray","7",0,0,3,65,40,35,15,4,4,31,40,13,4,52,30,NA,4,5,4,NA,NA,64,48,36,16,9,2,36,21,17,7,37,26,NA,6,7,6,NA,NA
